:01002000E9F6
:05002800220D20FCC9BF
:070030001A22130D20FAC98A
:08004000F5E521A5C0C3800015
:20008000C5D52AB6280BE53A6E67E7E12318F3E804D1C1E1F041E60220FAF1D921A3C034B5
:2000A000200223343E01E091C380FFF041E60220FA3EC0C384FFAF01AD0421A0C0CDE52AA0
:2000C0003EC0E09267AF6F0EA0C32800F3E0FFAFFBE00FC9F092B7C8E0463E283D20FDC9AE
:0100F000C946
:02010000185590
:20010400CEED6666CC0D000B03730083000C000D0008111F8889000EDCCC6EE6DDDDD999DF
:16012400BBBB67636E0EECCCDDDC999FBBB9333E5469746C650079
:20014400000000000000000001000000FAA1C047FAA0C0F357583100E0D5CD0B2BCDB60090
:20016400D17AEAA0C0FE112007AFCB3B17EAA1C0AFE042E043E041E04A3E07E04B11D40005
:200184002180FF0E0CF7CD80FF119C00CDED013EE4E047E0483E1BE0493EC0E0403E01E0C6
:2001A400FFAFE00F21A3C02277E0263CE090CD8331FBCDDE11760018FCF040E680C8AFE020
:2001C400917600F091B728F9C921A5C02A4F2A47B1C87BB920F67AB820F2444D0B0B2A02A8
:1701E40003572A0203B220F6C921A5C02AB628032318F97A3273C93D
:0C318300014605213D2C114DC5CDEE2A62
:01319400C971
:202AE5005F78B1C8730B545D1378B1C8CB38CB1930032A1213040C18062A12132A12130D0C
:1E2B050020F70520F4C9F040E680C8F044FE9230FAF044FE9138FAF040E67FE040C9FA
:20020000E8FDF802772174C5CB46283EF8027E875F160021D0C3193333E5F8024EAF696764
:2002200029112CC4192A4F46D1D51A6F131A677D914F7C9847E1E579227011BBC3F8026E79
:200240002600195D547812CDD119E803C9E8FDF802772175C5CB46283BF8027E875F160020
:2002600021D0C3193333E5F8024EAF696729112CC4192A4F46D1D51A6F131A67094D44E15F
:20028000E579227011BBC3F8026E2600195D547812CDD119E803C9E8FDF802772176C5CB15
:2002A00046283EF8027E875F160021C2C3193333E5F8024EAF696729112CC4192A4F46D17A
:2002C000D51A6F131A677D914F7C9847E1E579227011B4C3F8026E2600195D547812CDD19B
:2002E00019E803C9E8FDF802772177C5CB46283BF8027E875F160021C2C3193333E5F80292
:200300004EAF696729112CC4192A4F46D1D51A6F131A67094D44E1E579227011B4C3F8025E
:0E0320006E2600195D547812CDD119E803C97C
:032C3D0000000094
:022C4000000092
:20032E00E8FBF804322B7B2272F8077E4F8781875F1600F8022A666F195D544B4203F80A3F
:20034E007E026B62232323E5F80D7EE1772104001936006B622323360021050019E5F80E32
:20036E007EE1773333D5C5F80E3A2B5F7ECDA12A79F533F80B2A5F56F8077ECD3311C1E106
:20038E00E5771E000A577B9230031C18F7F8022A5F56213000194D440A3C2004F8077E024C
:2003AE00E805E1E806E93B3B4B42213000097E5F878387814F3E008847210400095D541AE9
:2003CE003CF800771269602323237EF80177F8002A963811AF1269602323345E030A4F7BF8
:2003EE0091380236003333C94B426F79C6305F78CE00571A95C87D125D2919292600094D0E
:0C040E00440303AF02010400093600C9DA
:11041A002152C5347E2153C596D8AFEA52C5C3AA071C
:022C420000FA96
:208000000000000000000000000000000000000000FF00FF00FF00E400E400E400E400E4EF
:2080200000FF00FF00FF0027002700270027002700F100E000F400F800FD00FF00FF00FFC9
:20804000008F0007002F001F00BF00FF00FF00FF0000000000000000000000FF00FF00FF83
:208060000007000700070007000700070007000700FF00FF00FF00000000000000000000CB
:2080800000E000E000E000E000E000E000E000E000FF00FF00FF00FD00F800F400E000F129
:2080A00000FF00FF00FF00BF001F002F0007008F00E400E000E400E000E400E000E400E010
:2080C0000027000700270007002700070027000700E400E400E400E400E400E400E400E4C8
:2080E00000E400E400E600E300E800E000E000E000000000000000FF000000000000000068
:208100000027002700270027002700270027002700270027006700C700170007000700077F
:2081200000FF00FF00FF00000018003F0018000000FF00FF00FF0000000000FF00000000D7
:2081400000FF00FF00FF0000001800FC001800800081000000000000000000000000008174
:2081600000FF00FF00FF0000000000FF0000000100FF00FF00FF0000000000FF0000008185
:208180000080000000000000000000000000008000810000000000FF00000000000000005F
:2081A00000800000000000FF000000000000000000010000000000FF000000000000000040
:2081C000000100000000000000000000000000010000420018003C003C0018004200000071
:2081E0000099001800FF00FF00FF00FF0018009900990018C318C318C318C318C318C3184E
:20820000F007000000FF00FF00FF00FF0000F0070FE0000000FF00FF00FF00FF00000FE09A
:20822000C318C318C318C318C318C3180018009903F000FC003FC00FF003FC00FF00FF0081
:20824000C00F003F00FC03F00FC03F00FF00FF00FF00000000FF00FF00FF00FF0000FF001B
:20826000FF00FF00FC00F003C00F003F00FC03F0FF00FF003F000FC003F000FC003FC00F0B
:20828000FF00FF00FF00FF00FF00FF00FF00FF0000007E7E40407878404040407E7E00007E
:2082A00000007E7E404040405E5E42427E7E000000004242626252524A4A464642420000F6
:2082C00000007E7E424242427E7E40404040000000007E7E40407E7E020202027E7E000022
:2082E00001121313131313131313131313131617171714020D000000000000000000000009
:2083000000001C00150018100E0F0F0F0F0F0F0F0F0F0F0F0F0F1B1919191A110B00000097
:208320000000000000000000000000000000000C0B00000000000000000000000000000026
:208340000000000C0B0000000000000000000000000000000000000C0B00000000000000EF
:2083600000000000000000000000000C0B0000282828282800000000232722262400000C5C
:208380000B000000001D00000000000025201E212500000C0B00002828282828000000002D
:2083A00026241F232700000C0B000000292D2C000000000000292B2A0000000C0B000000DC
:2083C0000000000000000000000000000000000C0B00000000000000000000000000000086
:2083E0000000000C0B0000000000000000000000000000000000000C090707070707070720
:2084000007070707070707070707070A0800000000000000000000000000000000000006F7
:208420000800000000000000000000000000000000000006030505050505050505050505F4
:0884400005050505050505040D
:020000040001F9
:208000000000000000000000000000000000000000FF00FF00FF00E400E400E400E400E4EF
:2080200000FF00FF00FF0027002700270027002700F100E000F400F800FD00FF00FF00FFC9
:20804000008F0007002F001F00BF00FF00FF00FF0000000000000000000000FF00FF00FF83
:208060000007000700070007000700070007000700FF00FF00FF00000000000000000000CB
:2080800000E000E000E000E000E000E000E000E000FF00FF00FF00FD00F800F400E000F129
:2080A00000FF00FF00FF00BF001F002F0007008F00E400E000E400E000E400E000E400E010
:2080C0000027000700270007002700070027000700E400E400E400E400E400E400E400E4C8
:2080E00000E400E400E600E300E800E000E000E000000000000000FF000000000000000068
:208100000027002700270027002700270027002700270027006700C700170007000700077F
:2081200000FF00FF00FF00000018003F0018000000FF00FF00FF0000000000FF00000000D7
:2081400000FF00FF00FF0000001800FC001800800081000000000000000000000000008174
:2081600000FF00FF00FF0000000000FF0000000100FF00FF00FF0000000000FF0000008185
:208180000080000000000000000000000000008000810000000000FF00000000000000005F
:2081A00000800000000000FF000000000000000000010000000000FF000000000000000040
:2081C000000100000000000000000000000000010BF7DB27DB27DB27DB27DB27DB27DB278D
:2081E0000000000000000000000000000007858BDB27DB27DB27DB27DB27DB27DB27DB2758
:20820000DB27DB27DB27DB27DB27DB27DB2700FFFF00FF00FFFC03FEFD02FF00FF0000FF5B
:2082200000FFFF00FF00FF00FF1FE03FDF20FF0000FFFF00FF00FF00FFFC03FEFD02FF0011
:20824000FF00FF00FF00FF1FE03FDF20FF00FF00FF00FF00FF00FFFC03FEFD02FF00FF00F1
:20826000FF00FF00FF1FE03FDF20FF00FF0000FF0000000000000000000000E000FE00FFEA
:20828000000000000000000000000000000000C0000000000000FEFE0A021E0A8A8242C2DE
:2082A0008282828282820A021E0A0A02FEFE00000000000000000707050407050504040442
:2082C000000000000000FFFF00008F0F101F203F0404040404040504070505040707000030
:2082E0001F101F101E11090F86060000FFFF06060606060606060606060606060F0F1F1F9F
:2083000006F908F730CFB04FC03F00FF00FF41BE80FF30CF40BF08F710EFC03FC639047B6D
:2083200030CF20DF20DF916EE31C41BE43BC21FE12ED20DF22DD807FC63906F9807F06F92D
:208340008D728C7300FF06F906F908F76C97789B00FF40BF837C3AC53EC120DF06F907F815
:20836000E93EF20D3DCB36CE30D060A04080C04003FC0CF38FF0727D58570C030F070000CB
:20838000606301000100000000000000000000001FEED929F010E0E0000000000000000049
:2083A0008080000000000000000000000000000000000000010107070F08FFF0FF00FF00A9
:2083C0000C0C0C0C0C0C0C0C0C0C0D0D1F1E3F20000030307878FFF7FFE0FFE0FFE0FFC0CD
:2083E000DF60BFC07F80FE03EE1BF50EFB04FF007F403F217E43FE83FF00F91EF37C0FF0D0
:2084000000000000000000000000010103030F0F2A1C552A6B1C140808080000FFFF0C0CA8
:208420000C0C0C0C0C0C0C0C0C0C0C0C0C0C0C0C0000000000000F0F0A080F0A0A08080811
:20844000000000000000FFFF000000081C08142A000000000000FCFC14043C141404040434
:208460000808080808080A080F0A0A080F0F000004040404040414043C141404FCFC0000E1
:2084800000FF00FF00FF030333333333030303030303030333333333030300FF00FF00FF26
:2084A0000303030303030303030303030303030300FF00FF00FFC0C0CCCCCCCCC0C0C0C0DF
:2084C000C0C0C0C0CCCCCCCCC0C000FF00FF00FFC0C0C0C0C0C0C0C0C0C0C0C0C0C0C0C0EF
:2084E0000000000000001F1F18180000000000000000000000001818F8F8000000000000EE
:208500000101000000000000000000000000000000FF00FF00FF000000000000000001015A
:2085200000FF00FF00FF00000000000000008080000000000000000000000000000001013C
:208540000101000000000000000000FF00FF00FF8080000000000000000000FF00FF00FF1F
:2085600000000000000000000000000000008080030304050809080908080808040403039C
:20858000C0C0202010101010D01010102020C0C001121313131313131313131313131617F7
:2085A000171714020D000000000000000000000000001C00150018100E0F0F0F0F0F0F0F9A
:2085C0000F0F0F0F0F0F1B1919191A110B3233303132333031323330313233303132330C1C
:2085E0000B3637343536373435363734353637343536370C0B3A0038393A0038393A0038CC
:20860000393A0038393A000C0B0000000000000000000000000000000000000C0B0000000E
:208620000000000000000000000000000000000C0B2B2C29000000000000000000000000A3
:208640000000000C0B2D2E2A0000000000000000000000004344450C0B002F1E000000004E
:2086600000000000000000004641470C0B22231D0000000000000000000000000042000C65
:208680000B24251F000000000000000000000000003C3B0C0B262120272800000000000023
:2086A000000000403D3F3E0C090707480707070751525152070707074B07070A0800004A22
:2086C000000000005057583A000000004D000006084E4F4A00000000530000560000000076
:1886E0004D4E4F06030505490505050554555455050505054C05050468
:020000040000FA
:208448000000000000000000000000000000000000FF00FF00FF00E000E400E000E400E0AF
:2084680000FF00FF00FF0000000000000000000000FF00FF00FF0007002700070027000797
:2084880000E400E000E400E000E400E000E400E000FC00FE00C600C300C300C300C300C335
:2084A80000C300C300E700FF00DB00C300C300C3007F00FF00C000C000C000C000C000C026
:2084C800003C007E00E700C300C300C300C300FF00C300C300E70066007E003C001800182B
:2084E80000007E7E40407878404040407E7E00000000424224241818181824244242000014
:2085080000003C3C424242427E7E4242424200000000424266665A5A42424242424200003F
:2085280000007E7E424242427E7E4040404000000000404040404040404040407E7E0000B7
:208548000027000700270007002700070027000700C300C300C300C300C300C600FE00FCCC
:2085680000C300C300C300C300C300C300C300C300DE00DF00C300C300C300C300FF007E95
:2085880000FF00C300C300C300C300C300C300C300180018001800180018001800180018BF
:2085A80000007E7E10101010101010107E7E000000004242626252524A4A464642420000AB
:2085C8000000424242424242424242423C3C000000007E7E42427E7E48484444424200006F
:2085E80000007E7E40407E7E020202027E7E000000007E7E080808080808080808080000AB
:208608000100004000600076003F001F011E031CC030E018001C00CE00C700C780070007B1
:20862800000024423C42007E3C42244224420000000024422442244224423C42003C000034
:208648000000007E3E40007E7C027C02007E00000000007E3E40007838403E40007E000036
:208668000000244214622C52344A284624420000073806380E700B700070007000410000AF
:20868800000700070007000E001C00F800F000000000007E7608140814081408140800003F
:2086A800000000783844244224423844007800000000007E6E10281028106E10007E000096
:2086C8000000003C3C42244224423C42003C000000E400E000E400E000E400FF00FF00FFE9
:2086E8000000000000000000000000FF00FF00FF0027000700270007002700FF00FF00FFF5
:208708000102020202020202020202020202020202020203040506070005080900000A0BE8
:208728000C0D0E0F0A000010041112130011141500000D0C1617000D0A17181004000000CD
:208748000000000000000000000000000000001004000000000000000000000000000000FD
:208768000000001004000000000000000000000000000000000000100400000000000000C9
:208788000000000000000000000000100400000000000000000000000000000000000010AD
:2087A8000400000000000000000000000000000000000010040000000E190A1A1A00001A1A
:2087C8001B0C191B000000100400000000000000000000000000000000000010040000000E
:2087E80000000000000000000000000000000010040000000000000000000000000000005D
:20880800000000100400000000000000000000000000000000000010040000000000000028
:20882800000000000000000000000010040000001C1D001E1F201E21220000000000001015
:208848000400000023240020251F26272820000000000010292A2A2A2A2A2A2A2A2A2A2AC5
:088868002A2A2A2A2A2A2A2BB7
:020000040001F9
:2086F8000000000000000000000000000000000000FF00FF00FF00E400E400E400E400E4F1
:2087180000FF00FF00FF0027002700270027002700F100E000F400F800FD00FF00FF00FFCA
:20873800008F0007002F001F00BF00FF00FF00FF0000000000000000000000FF00FF00FF84
:208758000007000700070007000700070007000700FF00FF00FF00000000000000000000CC
:2087780000E000E000E000E000E000E000E000E000FF00FF00FF00FD00F800F400E000F12A
:2087980000FF00FF00FF00BF001F002F0007008F00E400E000E400E000E400E000E400E011
:2087B8000027000700270007002700070027000700E400E400E400E400E400E400E400E4C9
:2087D80000E400E400E600E300E800E000E000E000000000000000FF000000000000000069
:2087F8000027002700270027002700270027002700270027006700C7001700070007000781
:2088180000FF00FF00FF00000018003F0018000000FF00FF00FF0000000000FF00000000D8
:2088380000FF00FF00FF0000001800FC001800800081000000000000000000000000008175
:2088580000FF00FF00FF0000000000FF0000000100FF00FF00FF0000000000FF0000008186
:208878000080000000000000000000000000008000810000000000FF000000000000000060
:2088980000800000000000FF000000000000000000010000000000FF000000000000000041
:2088B80000010000000000000000000000000001000000000000000000000000000001019C
:2088D80000000000000000000000000000008181000000000000000000000000000080807E
:2088F80001010000000000000000000000000101808000000000000000000000000080805C
:2089180001010000000000000000000000000000818100000000000000000000000000003B
:20893800808000000000000000000000000000003C3C424A918D89B1918D89B142523C3C5F
:2089580000000000020006004C0078003000000001121313131313131313131313131617DF
:20897800171714020D000000000000000000000000001C00150018100E0F0F0F0F0F0F0FBE
:208998000F0F0F0F0F0F1B1919191A110B0000000000000000000000000000000000000CBD
:2089B8000B0000000000001D1E1F1D1E1F0000000000000C0B000000000000200021200068
:2089D800210000000000000C0B0000000000002223242223240000000000000C0B0000005E
:2089F800000000000000001D1E1F00000000000C0B00000000000000000000202621000087
:208A18000000000C0B0000000000000000000022232400000000000C0B00000000000000A7
:208A38000000001D1F000000001D1F0C0B0000000000000000000020250000000000210C1D
:208A58000B0000000000000000000022240000000022240C0B000000000000000000000050
:208A7800000000000000000C090707070707070707070707070707070707070A0800000039
:208A98000000000000000000000000000000000608000000000000000000000000000000B0
:188AB8000000000603050505050505050505050505050505050505043F
:20C000000000000000000000000000000000000000FF00FF00FF00FF00FF00FF00FF00FF28
:20C0200000FF00FF78871CE30FF007F801FE00FF00FF00FF00FF00FF00FF807FC03FF00F10
:20C0400000FF00FF708F30CF38C71CE30EF107F800FF00FF0EF10CF31CE338C7708FE01FF0
:20C0600000FF00FF00FF00FF00FF01FE03FC0FF000FF00FF1EE138C7F00FE01F807F00FFD0
:20C0800078871CE30FF007F801FE00FF00FF00FF00FF00FF00FF807FC03FF00F78871CE3B0
:20C0A00003FC01FE01FE00FF00FF00FF00FF00FF807F807FC03FE01F708F38C71CE30CF390
:20C0C00000FF00FF00FF00FF0FF00FF00FF00FF000FF00FF00FF00FFFF00FF00FF00FF0070
:20C0E00000FF00FF00FF00FFF00FF00FF00FF00F01FE01FE03FC07F80EF11CE338C730CF50
:20C10000C03F807F807F00FF00FF00FF00FF00FF00FF00FF00FF01FE03FC0FF01EE138C72F
:20C120001EE138C7F00FE01F807F00FF00FF00FFE01FF8073EC10FF003FC00FF00FF00FF0F
:20C1400000FF00FF00FFC03FF00F7C831FE007F800FF00FF00FF00FF00FF00FF807FE01FEF
:20C160000FF007F801FE00FF00FF00FF00FF00FF00FF807FC03FF00F78871CE30FF007F8CF
:20C180000EF107F803FC01FE00FF00FF00FF807F0FF00FF00FF00FF00FF00FF00FF00FF0AF
:20C1A000F00FF00FF00FF00F00FF07F807F807F900FF00FF00FF00FF00FFFF00FF00FFFF8F
:20C1C0000FF00FF00FF00FF000FFE01FE01FE09FF00FF00FF00FF00FF00FF00FF00FF00FEF
:20C1E000708FE01FC03F807F00FF00FF00FF01FE00FF01FE03FC0FF01EE138C7F00FE01F4F
:20C20000F00FE01F807F00FF00FF00FF00FF00FF00FF00FF00FF00FF00FF00FF01FE07F82E
:20C2200000FF00FF00FF03FC0FF03EC1F807E01F07F81FE07C83F00FC03F00FF00FF00FF0E
:20C24000F8073FC00FF001FE00FF00FF00FF00FF00FF00FFC03FF00F7E811FE003FC00FFEE
:20C2600001FE00FF00FF00FF00FF807FE01FFC03E01FF00F38C71EE10FF003FC01FE00FFCE
:20C2800007F907F907F907F907F907F907F907F9E09FE09FE09FE09FE09FE09FE09FE09FA6
:20C2A00007F80FF01CE37887F00FC03F807F00FF807F00FF00FF00FF00FF01FE07F83FC08E
:20C2C00000FF00FF03FC0FF07E81F807C03F00FF1FE0FC03F00F807F00FF00FF00FF00FF6E
:20C2E0003FC007F801FE00FF00FF00FF00FF00FF00FFC03FF8077E810FF000FF00FF00FF4E
:20C3000007F907F807F800FFF00FF00FF00FF00FFFFFFF00FF0000FF00FF00FF00FF00FF2D
:20C32000E09FE01FE01F00FF0FF00FF00FF00FF000FF03FC1FE07E81F00F00FF00FF00FF8D
:20C34000FC03E01F807F00FF00FF00FF00FF00FF000000FF00FF00FF00FF00FF00FF00FFEC
:20C36000FF00FF00FF00FF00E718E718E71800FFFF00FF00FF00FF00FF00FF00FF00FF00CD
:20C38000FF00FF00FF00FF00FF00FF00FF00F00FFF00FF00FF00FF00F00FF00FF00FF00FAD
:20C3A0000000000000FF00FF00FF00FF00FF00FF00FFE718E718E718FF00FF00FF00FF008B
:20C3C000F00FF00FF00FFF00FF00FF00FF00FF0000000000000000FF00FF00FF00FF00FF6A
:20C3E000FF00FF00FF00FF00C33CC33CFF00FF00FF00FF000FF00FF0FF00FF00FF00FF004D
:20C40000000000000000000000FF00FF00FF00FF0FF00FF00FF00FF000FF00FF00FF00FF28
:20C42000FF00FF00FF00FF0000FF00FF00FF00FF00F000F000F000F000FF00FF00FF00FF48
:20C440000000000000000000000000FF00FF00FF000000000000FFFFFFFFFFFFFFFFFFFFE9
:20C4600000000000000000000000000000FF00FFFFFFFFFFFFFFFFFFFFFFFFFFFFFFFFFFCE
:20C4800080808080808080808080808080FF80FF000000000000000000000000000000FF9F
:20C4A000FFFFFFFFFFFFFFFFFFFFFFFF3FFF3FFF01010203010401010101010101010501F2
:20C4C0000607010101010108090A0B0C0D0D0D0D0E0F1011120101010113141516171819F6
:20C4E0001A1B1B1C1D1E1F20212223010101012425262719280000291D2A2B2C2D0101011E
:20C5000001010101012E2F19303131321D33340101010101353535353535351936373839E9
:20C520001D353535353535353A3A3A3A3A3A3A193B373C371D3A3A3A3A3A3A3A3D3D3D3D30
:20C540003D3D3D19373E3F371D3D3D3D3D3D3D3D404040404040404142424242434040404C
:20C56000404040404444373744444444454545454444444437374444464637373746464797
:20C58000474747474748463737374646494901014949474737474747474747490101494907
:20C5A000000001010000473701373701374747470101000000000101010037374737374710
:20C5C0003737470101014700000000010100373737373737373747010147470000000001CA
:20C5E00001010037370101373747010101470000000000010101000037010137470001010E
:18C6000001000000000000000101470147474A4701470101000000006E
:020000040000FA
:202C440018181818181818181818181818181818181818183C3C007E007E7E007E005A00C6
:20042B00113904D521CE03E5CD282BE804C93C3C7E5AFF99FFFFFFFFFF997E5A3C3C3C3C9E
:20044B007E42FF99FFA5FFBDFFA57E423C3C3C3C7E42FFB9FFA9FFA5FFBD7E423C3C0102CA
:01046B00038D
:042C64000101010168
:20046C000000000000000000000000000000000000003C3C424242427E7E424242420000EC
:20048C000000707048485C5C424242427E7E000000003E3E40404040404040403E3E00002C
:2004AC000000787844444242424244447878000000007E7E40407878404040407E7E0000D0
:2004CC0000007E7E40407878404040404040000000007E7E404040405E5E42427E7E0000EC
:2004EC000000424242427E7E424242424242000000007E7E10101010101010107E7E0000E8
:20050C0000007E7E08080808080848483838000000004E4E50506060606050504E4E0000AB
:20052C000000404040404040404040407E7E00000000424266665A5A4242424242420000A3
:20054C0000004242626252524A4A46464242000000003C3C42424242424242423C3C0000FF
:20056C0000007E7E424242427E7E40404040000000003C3C424242424A4A3C3C08080000D3
:20058C0000007E7E42427E7E484844444242000000007E7E40407E7E020202027E7E0000BB
:2005AC0000007E7E0808080808080808080800000000424242424242424242423C3C0000D7
:2005CC000000424242424242242424241818000000004242424242425A5A66664242000033
:2005EC00000042422424181818182424424200000000424242423C3C040404041C1C00002F
:20060C0000007E7E04040808101020207E7E000000000000000018181818000000000000FE
:20062C000000000000001818181808081010000000003C3C181818181818000018180000E6
:20064C0000007E7E020202021C1C0000181800000000181818180808101000000000000092
:20066C000000000024241818181824240000000010107E7E50507E7E0A0A0A0A7E7E080892
:20068C000102030405060708090A0B0C0D0E0F101112131415161718191A1B1C1D1E1F203E
:2006AC0021E8CEF82F77F8003E61223E62223E63223E64223E65223E66223E67223E68229D
:2006CC003E69223E6A223E6B223E6C223E6D223E6E223E6F223E70223E71223E72223E7356
:2006EC00223E74223E75223E76223E77223E78223E79223E7A223E2E223E2C223E21223E12
:20070C003F223E27223E2A223E2422AF223E30223E31223E32223E33223E34223E35223E59
:20072C0036223E37223E38223E3922AF22222223AF2277F8302AD6227EDE00302DE5210202
:20074C0000395D54E1F8302A666F194D440A4FF82F7E912008F82D4E060003183EF830340C
:20076C00F8307EF82D22360018C9AFF830227701000079D60A302121220039095EF82F7EC6
:20078C0093200DF8302A5F56212200194D44180B03F83079227018DA010000E832C93B210E
:2007AC00EDC23600F80036FF0E013E1291381E41C5F8027EF5331E0F78CD3F2AC1C5F802D4
:2007CC007EF5331E1078CD3F2AC10C18DD0E0179D60A30185121000039E5210101E53E0142
:2007EC00F533D533CDCD2BE8060C18E311C2C5D5210101E5210F01E5CDCD2BE80611C3C52C
:20080C00D5210101E5211101E5CDCD2BE807C9E8F94FF80673F8097EF802223600F80B7E67
:20082C00F80022AF22D1D52A666F19E57DF80677E17CF805320600799623789E303EE1E51E
:20084C00094D44F8022A917E983031F80A7EF80222AF322A5F56E1E519E57DF80677E17C57
:20086C00F805223A2B4F0600799623789E300DE1E5094D44F8022A917E983803AF18023EA1
:20088C0001E807E1E803E9E8F7F8087711B4C36E2600194D440AF8047701BBC3F8086E26FB
:2008AC0000094D440AF8057701B1C0F8085E16006B6229192929292919094D44213000096E
:2008CC007E5F878387814F3E008847210500095EF806730A5703030AD5CDA12A79D182F821
:2008EC0007227E87874FF800792241783C22783C3C22040404703E2491DA220A1E007BF826
:20090C000696301F237E834FD516002102003919D146AF68672929D51100C0192323D171DF
:20092C001C18DBF8067E3D2018F8004EAF696729291100C0194D44F8053A02037E02C32278
:20094C000AF8067ED602206B1121C4F8086E2600194D440A47F8004ECB40282DAF696729CF
:20096C00291100C0194D44F8053A02032A027EC6084FF8016E1100C0AF672929195D5479E1
:20098C001213F8047E12C3220AAF696729291100C0194D44F8053A02037E027EC6084FF810
:2009AC00016EAF6729291100C019E5F8077EE122711863F8067ED604205CF8004EAF696782
:2009CC0029291100C0194D44F8053A02037E027EC608F807774EF8016EAF6729291100C0D2
:2009EC0019E5F8077EE12271F8052AC6084F71F8026EAF6729291100C0195D54F8063A2B79
:200A0C0012133A126E1100C0AF672929195D54791213F8077E12E809C9E8FC4FF80373065A
:200A2C0000696029091108C219237EF80077F8075E79CDA12A79C61CF802774E0600F8071E
:200A4C006E1E0063093E28BD3E009CDA720B1E007BF80796301EF8002A83227E8357AF6A8A
:200A6C00672929D51100C0192323D1E5F8037EE1771C18DCF8067EF80077F8077E3D20163A
:200A8C00696029291100C0194D44F8007E0203F8037E02C3720BF8077ED6022061F8087E2A
:200AAC003D2030696029291100C0194D44F8007E0203F8037E02F8002A23C6084F460468FD
:200ACC00AF6729291100C01979224D44F8037E02C3720B696029291100C0194D44F8007EC5
:200AEC000203F8037E023AC6084F460468AF6729291100C019E5F8027EE122711868F807BF
:200B0C007ED6042061696029291100C0194D44F8007E0203F8037E023A2BC608772A4F46FB
:200B2C000468AF6729291100C019E5F8027EE12271F8007EC6084F22234604041100C068BB
:200B4C00AF672929195D54F8007E1213F8033A12460404041100C068AF672929195D54793F
:0C0B6C001213F8017E12E804E1E803E92E
:190B7800FA78C5D6073802AFC9FA78C54F2178C53479C92178C53601C9E6
:012C6800006B
:012C6900006A
:2088700001121313131313131313131313131617171714020D281F271F292A002B002C2D0F
:20889000002E1C00150018100E0F0F0F0F0F0F0F0F0F0F0F0F0F1B1919191A110B000000D4
:2088B0000000000000000000000000000000000C0B00000000000000000000000000000091
:2088D0000000000C0B0000000000000000000000000000000000000C0B000000000000005A
:2088F00000000000000000000000000C0B0000000000000000000000000000000000000C45
:208910000B0000000000000000000000000000000000000C0B000000000000000000000025
:20893000000000000000000C0B0000000000000000000000000000000000000C0B000000F9
:208950000000000000000000000000000000000C0B000000000000000000000000000000F0
:208970000000000C0B0000000000000000000000000000000000000C09070707070707078A
:2089900007070707070707070707070A081D1E1F00202122001D0023212024000000000600
:2089B00008211E001D1E1F00202122001D0025261E27240603050505050505050505050592
:0889D000050505050505050478
:020000040001F9
:204000000000000000000000000000000000000000FF00FF00FF00E400E400E400E400E42F
:2040200000FF00FF00FF0027002700270027002700F100E000F400F800FD00FF00FF00FF09
:20404000008F0007002F001F00BF00FF00FF00FF0000000000000000000000FF00FF00FFC3
:204060000007000700070007000700070007000700FF00FF00FF000000000000000000000B
:2040800000E000E000E000E000E000E000E000E000FF00FF00FF00FD00F800F400E000F169
:2040A00000FF00FF00FF00BF001F002F0007008F00E400E000E400E000E400E000E400E050
:2040C0000027000700270007002700070027000700E400E400E400E400E400E400E400E408
:2040E00000E400E400E600E300E800E000E000E000000000000000FF0000000000000000A8
:204100000027002700270027002700270027002700270027006700C70017000700070007BF
:2041200000FF00FF00FF00000018003F0018000000FF00FF00FF0000000000FF0000000017
:2041400000FF00FF00FF0000001800FC0018008000810000000000000000000000000081B4
:2041600000FF00FF00FF0000000000FF0000000100FF00FF00FF0000000000FF00000081C5
:204180000080000000000000000000000000008000810000000000FF00000000000000009F
:2041A00000800000000000FF000000000000000000010000000000FF000000000000000080
:2041C0000001000000000000000000000000000100003C3C424242427E7E42424242000059
:2041E00000007E7E42427E7E484844444242000000007E7E40407878404040407E7E00003F
:204200000000424242423C3C040404041C1C000000003C3C42424242424242423C3C0000D6
:204220000000424242424242424242423C3C00000000707048485C5C424242427E7E000046
:2042400000007E7E020202021C1C00001818000000007E7E404040405E5E42427E7E0000BA
:2042600000007E7E10101010101010107E7E00000000404040404040404040407E7E00004A
:2042800000007E7E40407E7E020202027E7E000000003E3E40404040404040403E3E0000AA
:2042A00000007E7E08080808080808080808000000004242424242425A5A66664242000022
:2042C0003C3C5A5A9999FFFFFFFF99995A5A3C3C0000000000001818181808081010000096
:1042E0003C3C42429999A5A5BDBDA5A542423C3C96
:020000040000FA
:0F89D8002144C236E723364923360D23364AC9D8
:012C6A000069
:2089E7004B42110040D521002FE5CD282BE804117048D5211412E5AF0FF5CDCD2BE806212B
:078A07000600093603C9C98E
:204000000000000000000000000000000000000000FF00FF00FF00E400E400E400E400E42F
:2040200000FF00FF00FF00000018003F0018000000FF00FF00FF0000000000FF0000000018
:2040400000FF00FF00FF0000001800FC0018000000FF00FF00FF0027002700270027002777
:20406000FFFFFFFF005A0000007E0000007E0000C1C0C1C0C1C0C1C0C1C0C1C0C1C0C1C0E6
:204080008303830383038303830383038303830300AA005500AA005500AA005500AA0055F4
:2040A000000000170020004B0010004300540055000000E8000400D2000800C2002A00AA26
:2040C0000818242442421981998181996666081800FF00FF18E73CC37E8100FF00FF669942
:2040E00000000000000000000100020102010001000007000807E01F04FB28D745BA40BFA7
:20410000000000000C8210CF609F817E02FD817E00E400E400E400E400E400E400E400E416
:2041200000C300810000000000000000008100C300E400E000E400E000E400E000E400E0E7
:2041400000270007002700070027000700270007002700270027002700270027002700276F
:204160000000007E0000007E0000005AFFFFFFFFC0C0C0C0C0C0C0C0C0C0C0C0C0C0C0C0ED
:2041800003030303030303030303030303030303AAFFAAFFAAFFAAFFAAFFAAFFAAFFAAFFA7
:2041A0000055005400430010004B00200017000000AA002A00C2000800D2000400E8000025
:2041C00008180818081808180818081808180818669966997E997E99669966996699FFFFB8
:2041E00006010807110E120D000F00030003010103FC04FB38C741BE847B48B724DB90FFCC
:20420000A06030C040B8906824DC847C06FE8CFC00E400E400E600E300E800E000E000E019
:2042200000000000000000FF000000000000000000270027006700C70017000700070007D7
:2042400007071F1F383870706060C0C0C0C0C0C0E0E0F8F81C1C0E0E060603030303030360
:2042600000000000000000000000000003030303000000000000000000000000C0C0C0C032
:2042800008180818081808180818143C2E7E5FFF7E817E817EA17EA17E817E817E81FFFFED
:2042A00000000000000000006080907008F810F06E6F0507040704070407040704070407F3
:2042C00068F888F810F030F060E020E060E0A0E000FF00FF00FF00FD00F800F400E000F127
:2042E00000FF00FF00FF0000000000000000000000FF00FF00FF00BF001F002F0007008F21
:20430000C0C0C0C0C0C06060707038381F1F070703030303030306060E0E1C1CF8F8E0E09F
:2043200003030303000000000000000000000000C0C0C0C000000000000000000000000071
:204340000000402010400412205988300810001800000000383844448A8E959B8A8E8484D6
:20436000000000001C1C22225171A9D95171212100FF00FF66996699669900FF00FF7E8181
:2043800000FF6699669900FF7E817E857E81FFFF30FF7FB07FB07FB07FB07FB07FB030FFAA
:2043A0000407040704070407040704070407090F60E0E0E060E0E0E060E0E0E0E0E0F0F0F8
:2043C00000E000E000E000E000E000E000E000E000070007000700070007000700070007A5
:2043E000FFFFFFFF00000000000000000000FF00FFFFFFFF000000000000000000000000C6
:2044000000004200520010000000440054000000100038007C1038001000003000180010EC
:2044200000000210045A0040041010240062400280808080808080808080808080808080E0
:204440000101010101010101010101010101010100FF7E8176817A817E815E817E8100FF80
:204460007E817E817E857E857E817E817E81FFFFFF30FF30FF30FF30FF30FF30FF30FF30C5
:204480000F0F101F203F407F80FF00FF00FF00FFF0F008F804FC02FE01FF00FF00FF00FF58
:2044A00000F100E000F400F800FD00FF00FF00FF0000000000000000000000FF00FF00FF48
:2044C000008F0007002F001F00BF00FF00FF00FFFF0000000000000000000000FFFFFFFF41
:2044E000000000000000000000000000FFFFFFFFC0C0C0EAC0CAC0EAC0EAC0CAC0EAC0C004
:20450000030303570353035703570353035703038080808080808080808080808080C0C0FB
:2045200001010101010101010101010101010303FFFFFFFF00000300040009001100130037
:20454000FFFFFFFF0000C0002000900088004800303030303F303F303F303F3030303030E3
:20456000FF30FF30FF30FF30FF30FF30FF30FFFF00FF1FFF3FE07FC0FF80FF00FF00FF00FD
:2045800000FFF8FFFC07FE03FF01FF00FF00FF000002023E467E4E7E467E4E7E4E7E9FFF58
:2045A000000000000818247C147E2AFE4DFF7F7F18182424FFFF566A566A566A566A7E7EC5
:2045C00000FF00FF00FF00FF3FC03FC03FC03FFF00FF00FF00FF00FFFC03FC03FC03FCFFB0
:2045E00000FF7F807F807F807F807F807F8000FF00FFFE01F601FA01FE01FE01FE0100FFD7
:20460000FFFFFFFFC0E4C0D2CFCFC8DFC8EAC8CAFFFFFFFF00920049FFFF00FF0049004979
:20462000FFFFFFFF0327034BF3F313FB13571353110012000800040003000000FFFFFFFF14
:204640008800480010002000C0000000FFFFFFFF303030303030303030303030303030309E
:20466000FF00FF1FE03FC07F80FF00FF00FF00FFFF00FFF807FC03FE01FF00FF00FF00FF4C
:2046800000000000243C4242BDFF4242BDFF42424444AAEE44444444BBFF4444BBFF444402
:2046A0001818243C1818181800181818001818181818243C18181818071F1818071F1818DE
:2046C0001818243C18181818E0F81818E0F81818FF80FF80FF80FF80FF80FF80FF80FF80E2
:2046E000FF01FF01FF01FF01FF01FF01FF01FF01C8DFC8EAC8CAC8DFC8EAC8CAC8DFC8EA8B
:2047000000FF0049004900FF0049004900FF004913FB1357135313FB1357135313FB1357FB
:20472000080FF8FF08FF08FF08FF09FF0BFE0FFC10F01FFF10FF10FF10FF90FFD07FF03FE2
:2047400030303F3F303F707FB0FF30FF30FF30FF30307E7EFFFFFFFF000000000000000089
:2047600000FFFFFFFF00FF00FF00FF00FF00FF00FF00FFFF00FF00FF00FF00FF00FF00FF4B
:20478000000007000807201F043B285745BA5BBF00000000008000C0609C807E02FDAA7F8B
:2047A000080F080F080F080F090F0E0E0000000010F010F010F010F090F070700000000009
:2047C00000001818243C427E81FF00FF00FF00FF0000FFFF00FF00FF00FF00FF00FF00FF14
:2047E0005A818124244281180118244281245A81C8CAC8DFC8EAC8CFD0D0E0E0C0C0C0C059
:20480000004900FF004900FF0000000000000000135313FB135713F30B0B070703030303F4
:204820000FF8FFF8FF08FF08FF09FF0EFF00FF00F01FFF1FFF10FF10FF90FF70FF00FF0012
:2048400030FF3FFF3FF07FF0FFB0FF30FF30FF300000F8F804FC02FE01FF00FF00FF00FF24
:2048600000000000000000000008000F1C0308070000000001001C03211E3F4803FC34CB0F
:204880000000E00001F002F98C73966903FC18E700000000834005E219E630CF21DE24DBAA
:2048A000000000001708D708C03F00FF10EE30CF0000000000000000400030C000782090A7
:2048C00000000000000000000000010102030407080F101F203F407F80FF01FF03FE07FCDF
:2048E00000FF18FF3CE77EC3FF81FF00FF00FF0010F008F804FC02FE01FF80FFC07FE03FE4
:2049000000000000000000000000808040C020E003030507090F111F313F517F91FF91FFDD
:20492000FFFF00FF00FF00FF00FF00FF00FF00FFC0C0A0E090F088F88CFC8AFE89FF89FF60
:204940000000060006010C0308070C0304030207200F300F014E19E609F602FF8A774AB551
:20496000FF80FF3FFF60F04FFF40F24DFF60FF3FFF01FFFCFF064FB2FF022FD2FF06FFFCBE
:20498000121F303F223F647F497F517FD2FF92FF20E038F824FCA2FE3FFF37FF72FFFFFF66
:2049A000B00800F000F800F800FC2CD036C8906C080F080F080F080F080F090F0B0E0F0CAE
:2049C0000FF81FF03FE07FC0FF80FF01FE03FC07FF00FF18E73CC37E81FF00FF00FF00FFE9
:2049E000F01FF80FFC07FE03FF01FF807FC03FE010F010F010F010F010F090F0D070F030E0
:204A000091FF91FF91FF91FF91FF91FF91FFFFE600FF00FF00FF00FF00FF00FF81FFFF7ECA
:204A200089FF89FF89FF89FF89FF89FF89FFFF6706031D030907000F0D02141B101F080F8C
:204A400033CC11EE12EDA05F926D837C9A659E61FF00FF00C03FC03FC03FC03FC03FFFFF67
:204A6000FF00FF0003FC03FC03FC03FC03FCFFFF847C05FE0BF60DF6817E699601FE6F903C
:204A80000F080F080F080F080F090E0E00000000FF08FF10FF20FF40FF80FF80FF80FF8016
:204AA000FF00FF00FF00FF00FF00FF00FF00FF00FF10FF08FF04FF02FF01FF01FF01FF01E4
:204AC000F010F010F010F010F090707000000000FF80FF80FF80D5AAAAD5D5AAAAD5FFFFFF
:204AE000FF00FF00FF0055AAAA5555AAAA55FFFFFF01FF01FF0155ABAB5555ABAB55FFFFC1
:204B0000090E05020E01000300010001000000008D728C7300FF06F906F908F76C97789B53
:204B2000E93EF20D3DCB36CF30DF70BF519FD05F03FC0CF38FF072FD58D7CCC38F87808025
:204B400030CF0CF30CF304FF0FF718E938C898E84DB000F810E008F020D0F000E0A0000091
:204B6000FF80FF80FF80FF80FF80FF80FF80FFFFFF00FF00FF00FF00FF00FF00FF00FFFFC7
:204B8000FF01FF01FF01FF01FF01FF01FF01FFFF6063010001000000000000000000000052
:204BA0001FEED929F010E0E00000000000000000919F121F101F101F111F101F121F101FA8
:204BC00080808080808040C040C060E0A0E040E00000007500450075001500150077000025
:204BE000000000770054007600440044004700000000067606560056006606500650000065
:022C6B00000067
:200B9100E8FDF8013273F8074EF8023600F8052A5F56F8026E2600195D541AB7282A0600E7
:200BB10078913006CDBD010418F61AC5CDAD0659C17BC6D247F8012A862B2BC5C5335ECD8E
:0E0BD1003F2AC1F8023418C5E803E1E803E941
:042C6D000000000063
:208A0E000000000000000000000000000000000000FF00FF00FF18E418E418E418E418E45F
:208A2E0000FF00FF00FF1827182718271827182700F100E000F400F800FD00FF00FF00FF39
:208A4E00008F0007002F001F00BF00FF00FF00FF0000000000000000000000FF00FF00FF6B
:208A6E000007000700070007000700070007000700FF00FF00FF00000000000000000000B3
:208A8E0000E000E000E000E000E000E000E000E000FF00FF00FF00FD00F800F400E000F111
:208AAE0000FF00FF00FF00BF001F002F0007008F18E418E418E418E418E418E418E418E428
:208ACE0018E418E418E61CE317E81FE01FE01FE0182718271827182718271827182718279F
:208AEE0018271827186738C7E817F807F807F80700FF00FF00FF00000018003F0018000004
:208B0E0000FF00FF00FF0000000000FF0000000000FF00FF00FF0000001800FC00180080A2
:208B2E000081000000000000000000000000008100FF00FF00FF0000000000FF0000000128
:208B4E0000FF00FF00FF0000000000FF00000081008000000000000000000000000000808A
:208B6E0000800000000000FFFF00FF00FF00FF0000010000000000FFFF00FF00FF00FF0070
:208B8E0000010000000000000000000000000001FF00FF00FF00FF00FC03FC0300FF00FFCD
:208BAE00FF00FF00FF00FF003FC03FC000FF00FF00007E7E10101010101010107E7E000037
:208BCE0000004242626252524A4A46464242000000004242424242422424242418180000AB
:208BEE0000007E7E40407878404040407E7E000000007E7E080808080808080808080000B3
:208C0E0000003C3C42424242424242423C3C000000007E7E42427E7E48484444424200002E
:208C2E000000424242423C3C040404041C1C000000000000000000FFFF00FF00FF00FF0063
:208C4E0000810000000000FFFF00FF00FF00FF001BE41FE01BE41FE01BE41FE01BE41FE092
:208C6E00FF00FF00FF00FF00FF00FF00FF00FF00FF00FF00E718C33CC33CE718FF00FF00F6
:208C8E00D827F807D827F807D827F807D827F807FF00FF00FF00FF00FF00FF0000FF00FFD6
:208CAE00FF00FF00FF00FF00FF00FF00F000F000FF00FF00FF00FF00FF00FF0000000000D2
:208CCE00FF00FF00FF00FF00FF00FF000F000F00FC00FC00FC00FC00FC00FC00FC00FC008E
:208CEE003F003F003F003F003F003F003F003F00F000F000FF00FF00FF00FF00FF00FF0094
:208D0E0000000000FF00FF00FF00FF00FF00FF000F000F00FF00FF00FF00FF00FF00FF0033
:208D2E00FF3CC34A918D89B1918D89B1C352FF3CFF00FF00E700FF00FF00E700FF00FF0015
:208D4E00EF10817EAF50817EF50AF50A817EF708010F101010101010101010101010131416
:208D6E00141411020B1B1C1D1E1C1F2021220000000018001200150D0C2323232323232342
:208D8E0023232323232317242424160E2526262627000000000000000000002726262628CD
:208DAE00252626261A262929292929292929261926262628252626262626262626262626E6
:208DCE002626262626262628252626262626262626262626262626262626262825262626C3
:208DEE0026262626262626262626262626262628252626262A2B2C2A2B2C2A2B2C2A2B2C68
:208E0E0026262628252626262D002E2D002E2D002E2D002E26262628252626262F30312FB7
:208E2E0030312F30312F303126262628252626262626262626262626262626262626262810
:208E4E0025262626262632333426262626262626262626282526262626262626262626261D
:208E6E002626262626262628090707070707070707070707070707070707070A0800000019
:208E8E000000000000000000000000000000000608000000000000000000000000000000B6
:188EAE0000000006030505050505050505050505050505050505050445
:200BDF000E0079D604301306006960292909292909114BC21936000C18E811AA0FD521C1D3
:200BFF0005E5CD282BE804C9E8F6F808327B227E3D3E012801AF010000F800360023360010
:200C1F00B72017F8087ED602281CF8087ED6032821F8087ED6042826182E01150DF8003E48
:200C3F001C22360D182201230DF8003E2B22360D181601340DF8003E3A22360D180A013E3D
:200C5F000DF8003E4322360DF8075E16006B62292919292919E57DF80777E17CF8067711B9
:200C7F004BC23A6E6719E57DF80477E17CF803322A5F56210B0019E57DF80677E17CF8056C
:200C9F0077F8093600F8096E2600095D541AF806322B2A5F56F8096E2600195D54F8067E09
:200CBF00B728077E12F8093418DBF8027EF805322B7EF80677AF12F8022A4F4603F80936FE
:200CDF0000D1D5F8096E2600195D541AF80477B72811F8096E2600095D54F8047E12F80997
:200CFF003418DEF8052A4F4603F8096E2600094D44AF02E80AC96272616E63680072616DA3
:200D1F0069746100676C617373657300616E74656F6A6F730062726561640070616E006282
:200D3F006F6F6B006C6962726F00E8EBF81277F0904FCDBD013E05E090210020360511093C
:200D5F0048D521001DE5CD282BE80411D949D5211412E5AF0FF5CDCD2BE806CDBD0179E0AA
:200D7F0090210020712181C5CB46204BF8003E6E223E75223E65223E76223E6F223E2022AA
:200D9F003E69223E74223E65223E6D223E212236000E0059160021000039197EB7285DC5DF
:200DBF00CDAD0659C17BC6D247793CC5C5331E01CD3F2AC10C18DCF8023E6E223E65223ECD
:200DDF0077223E20223E69223E74223E65223E6D223E212236000E00591600210200391903
:200DFF007EB72818C5CDAD0659C17BC6D247793CC5C5331E01CD3F2AC10C18DC010000F825
:200E1F00143600F8147ED604302B5E16006B62292919292919114BC2197EB72012E5F81404
:200E3F007EE177C558F8147ECD070CC1481806F814344618CE060069602929092929094DD1
:200E5F00442181C5CB462076214BC209E57DF80E77E17CF80D322A5F566B6223E57DF8103E
:200E7F0077E17CF80F77F813AF2277F80E2A5F56F8146E260019E57DF81277E17CF8113295
:200E9F002A5F561AB72807232334233418DDF8134E06003E12914F9F90476168CB78280352
:200EBF000361684CCB2DCB190CF80C2A5F5613C53E0AF533D51E0879CD910BC11855214B71
:200EDF00C209E57DF81577E17CF814322A5F56210B00194D441101006A2600097EB72804E6
:200EFF001C1418F40E003E12936F9F91674D44CB7C2803234D44CB28CB190CF8132A5F561C
:200F1F00210B00195D54C53E0AF533D51E0879CD910BC111AA0FD521C105E5CD282BE80472
:200F3F00F8127EC6C1F5331E0A79CD3F2A3ECFF5331E0A3E0BCD3F2AAFEA7BC50E002E0192
:200F5F000C79D61938250E002D2011C53EFFF5331E0A3E0BCD3F2AC12E00180FC53ECFF587
:200F7F00331E0A3E0BCD3F2AC12E01CDBD01FA7BC5EA7CC5CD702BEA7BC5FA7BC5CB672872
:0B0F9F00BFFA7CC5CB6720B8E815C97D
:208EC6003B3BFA82C36F260011B4C319363001BBC3FA82C36F260009364A11C2C3FA82C38A
:208EE600876F260019FA82C3C6B45F3E00CEC3571A1E00227311D0C3FA82C3876F26001914
:208F0600FA82C3814F3E0088470A0E002271FA82C36F26001113C4193600011AC4FA82C35B
:208F26006F26000936010121C4FA82C36F2600093601F800361C2336C82182C34E060069CE
:208F4600602909292929290901B1C0094D54210C01E53E01F53321030039E5AFF53359FACA
:208F660082C3CD2E03FA82C3CD9308E1C9219FC236E223364F23360F23365221A5C2360242
:208F8600C9E8FAFAA6C64F21A7C646F8053605F8057ED60138215E1D160021000039195957
:208FA60050E5D5010A00CD6929D1E171010A00CD6029F8053518D80E0079D605301B591675
:208FC6000021000039197EC6F44779C609C5C5331E0CCD3F2AC10C18E0E806C9E8F4110EBD
:208FE6004AD5210035E5CD282BE804115E4DD5211412E5AF0FF5CDCD2BE806CDC64EAFEA68
:209006007FC5EA80C52181C5CB462048F8003E69223E6E223E76223E65223E6E223E74222B
:209026003E61223E72223E69223E6F2236000E0059160021000039197EB7285DC5CDAD06DA
:2090460059C17BC6D247793CC5C5331E01CD3F2AC10C18DCF8013E69223E6E223E76223E6A
:2090660065223E6E223E74223E6F223E72223E792236000E0059160021010039197EB728C3
:2090860018C5CDAD0659C17BC6D247793CC5C5331E01CD3F2AC10C18DC0E0079D604303FA1
:2090A60006006960292909292909114BC2197EB7282AC6C1F80B7779B720043E051811792D
:2090C6003D20043E08180979D6023E0B28023E0EC5F80D66E5331E09CD3F2AC10C18BC214B
:2090E60081C5CB462841F80B3600217FC54E06006960292909292909014BC209010B00090D
:209106004D44F80B6E2600094D440AB72856CDAD0679C6D24FF80B7EC60561E5331E03CDB5
:209126003F2AF80B3418C3F80B3600217FC54E06006960292909292909014BC209234D4472
:20914600F80B6E2600094D440AB72818CDAD0679C6D247F80B7EC605C5331E03CD3F2AF86C
:209166000B3418C7CD874FE80CC93BFA7BC54FFA7CC5F80077CB71200FE5F802CB76E12869
:2091860007FA51C521AAC677CB492020E5F802CB4EE12818FA7FC5B72856217FC53501B47B
:2091A600C3FA82C36F2600097EC6E877FA7BC50F381FFA7CC50F3019FA7FC5D603283121A2
:2091C6007FC53401B4C3FA82C36F2600097EC61877FA7BC5CB672818FA7CC5CB672011FAA5
:2091E6007FC5EA7DC5217EC53601FA51C5EAAAC633C90E0079D60AD079C605C526FFE5337B
:209206001E03CD3F2AC10C18EB3BCD7051FA82C3CD9308FA7FC52180C596CAB052FA7FC56D
:20922600EA80C5CDF8512181C5CB462840F8003600217FC54E06006960292909292909019C
:209246004BC209010B00094D44F8006E2600094D440AB72855CDAD0679C6D247F8007EC6D4
:2092660005C5331E03CD3F2AF8003418C4F8003600217FC54E060069602929092929090125
:209286004BC209234D44F8006E2600094D440AB72818CDAD0679C6D247F8007EC605C533C6
:0C92A6001E03CD3F2AF8003418C733C95E
:200FAA0000000000000000000000000000000000030207050E0A1C1439257E5AE4A4C04010
:200FCA0000006666DDBB99FF666681816666000000003C305668EA95BFC19DE381FF7E7E4C
:200FEA00407E5C7E407E5C7E407E407E7C40407E01020304E8E62181C5CB46CA9810F80304
:20100A003E63223E61223E6E223E27223E74223E20223E75223E73223E6522AF223E742287
:20102A003E68223E61223E74223E20223E68223E65223E72223E65223E2E22223E2E223631
:20104A00000E0059160021030039197EB72818C5CDAD0659C17BC6D24104C5F5331E0F78D5
:20106A00CD3F2AC10C18DC0E00591600210D0039197EB7CA3011C5CDAD0659C17BC6D24779
:20108A00793CC5C5331E10CD3F2AC10C18DBF8003E65223E73223E74223E6F223E20223EBF
:2010AA006E223E6F223E20223E6D223E6522AF223E73223E69223E72223E76223E65223E9D
:2010CA0020223E61223E68223E6F223E72223E61223E2E22223E2E2236000E0059160021C7
:2010EA00000039197EB72818C5CDAD0659C17BC6D247793CC5C5331E0FCD3F2AC10C18DCD0
:20110A000E00591600210B0039197EB72818C5CDAD0659C17BC6D24104C5F5331E1078CD3E
:09112A003F2AC10C18DCE81AC9C7
:012C71000161
:2092B20021A6C236C62336522336F923365421ACC23602C9E8F7110040D521002EE5CD28AF
:2092D2002BE80411E042D5211412E5AF0FF5CDCD2BE806FA82C36F260011B4C319363001EF
:2092F200BBC3FA82C36F260009363C11C2C3FA82C3876F260019FA82C3C6B45F3E00CEC39E
:20931200571A1E00227311D0C3FA82C3876F260019FA82C3814F3E0088470A0E002271FA3E
:2093320082C36F26001113C4193600011AC4FA82C36F26000936010121C4FA82C36F26005D
:20935200093601F800361C2336C82182C34E060069602909292929290901B1C0094D5421B1
:209372000C01E53E01F53321030039E5AFF53359FA82C3CD2E03AFEA81C5F8023E69223EF3
:2093920064223E69223E6F223E6D223E612236000E0059160021020039197EB72818C5CDE0
:2093B200AD0659C17BC6D24104C5F5331E0178CD3F2AC10C18DCFA82C3CD9308E809C9E8B2
:2093D200F7FA7BC50FDA5E54FA7CC50FD25E542181C5CB46C2F654CDAA07F8003E6C223EDD
:2093F20061223E6E223E67223E75223E61223E67223E652236000E005916002100003919FB
:209412007EB72818C5CDAD0659C17BC6D24104C5F5331E0178CD3F2AC10C18DC01B4C3FA21
:2094320082C36F2600093678FA82C3876F260011C2C319FA82C3814F3E0088470A0E002229
:2094520071FA82C3CD93082181C53601FA7BC5CB4FC2E354FA7CC5CB4F28762181C5CB468C
:20947200CAF654CDAA07F8023E69223E64223E69223E6F223E6D223E612236000E005916E8
:209492000021020039197EB72818C5CDAD0659C17BC6D247793CC5C5331E01CD3F2AC10C83
:2094B20018DC01B4C3FA82C36F2600093630FA82C3876F260011C2C319FA82C3814F3E0094
:2094D20088470A0E002271AFEA81C5FA82C3CD9308FA7BC5CB67200CFA7CC5CB6728052127
:0A94F200AAC63601E809C9C3D15328
:102C720018182424424299999999424224241818F6
:20113300E8FBF804322B7B2272FA92C54F060078F807963027682600295D54F8022A666FE6
:201153001933335D54D51A6F131A677980E52601E533F533CD302BE8040418D31113C4F832
:20117300046E2600195D547912111AC4F8046E2600195D54F8077E12FA92C5F80786EA9245
:20119300C579E805E133E92193C53614C90E00792178C59630132113C406000936FF211A53
:0E11B300C406000936000C18E6AFEA92C5C962
:022C8200001B35
:020000040001F9
:208AD000E8FD4F2179C57ED61438023600FA93C547D5F8077EF533C533CD302BE804FA936F
:208AF000C5F80586EA93C5F80071F8057EF80232702179C54E0600696029090108C2095D7D
:1C8B100054010300C5210200394D44CDB32AFA79C54F2179C53479E803E133E91A
:020000040000FA
:2011C100116C04D521D222E5CD282BE804118D1ED521F40BE5CD282BE804C32B043B3BF0B8
:2011E10040F680E040F040F602E0403E80E0263EFFE0253E33E02421AFC23E01223600111B
:201201000040D52100C0E5CD282BE804CD191ECD371FCD5E1ACDDF0BCD671811ADC2CD0C1E
:2012210023212AC42A4F46FAADC316005FAF6960CDA02BCDC11121AFC22A4F4678B1287418
:20124100FA7BC5EA7CC5CD702BEA7BC5FAAAC6D61D2818212AC42A4F46FAADC3F800223671
:2012610000D1D5FAAAC66960CDA02BF090F8017721ADC24E2346210600094EF09091280707
:2012810079E0907EEA002021ADC22A4F46696023232A666F5950019D12C5E5C9F090F8013A
:1712A100962809F8017EE0907EEA0020CDBD01CDAB0018823333C934
:042C840000002D011E
:2094FC0021B1C23615233655233696233655233E14223E55223602C9C9114844D521002C51
:20951C00E5CD282BE804110847D5211412E5AF0FF5CDCD2BE806C9C93B3BFA7BC50738579F
:20953C00FA7CC5073051F04421A8C6223600F0044FB6771E007BD60C30382183C316001948
:20955C00E5D5CD6B22F804792270D1E1E5D5010300E5F8065EF80756E1CD6929D1E171214A
:20957C008FC31600193601219BC316001936001C18C321AAC636043333C9E8F22194C534BA
:20959C0020022334CD3455FA96C54F06002194C52A917E98DA3C562BAF2277FA97C53D2059
:2095BC0026EA97C5F80D36FF0E0479D610307151210D0039E5210101E53E09F533D533CDEE
:2095DC00CD2BE8060C18E32197C53601F8003E70223E72223E65223E7322223E2022223E9A
:2095FC0073223E74223E61223E72223E74220100047179D60C302959160021000039197EF5
:20961C00C5CDAD0659C17BC6D2F80D77E5210101E53E09F533C533CDCD2BE806040C18D23F
:03963C00E80EC96C
:20C000000102030303030303030303030303030303030405110000000000000000000000D3
:20C020000000001200120015212222222222222222222222222222222222222313102A6A68
:20C0400040408C48929249904040919292934014131F206A408C8D577676588F9059A0A10A
:20C06000A1A25914132C406A599B9C667777679E9F406DAAAA6E4014133B346A40A8A9AAB5
:20C08000AAAAAAABAC40AD38AEAF40141342426A40406D0DAA45456E40404009404040143B
:20C0A0001334346A4040B61DB7B7B7B840404009404040141340406A40407E7E7E7E7E7E5D
:20C0C00040404009404040141378796A40243E3F3E3F3E3F3E3F3E3F3E3F3E141379426A79
:20C0E00040304D4E4D4E4D4E4D4E4D4E4D4E4D141340406B696969696969696969696969E3
:20C100006969691413345940343434347879787978793434343440142D2E2E2E2E2E2E2EBA
:20C120002E2E2E2E2E2E2E2E2E2E2E2F3C0000000000000000000000000000000000003D5D
:20C140003C0000000000000000000000000000000000003D4A4B4B4B4B4B4B4B4B4B4B4BE3
:20C160004B4B4B4B4B4B4B4C01020303030303030303030303030303030304051100000019
:20C18000000000000000000000000012001200152122222222222222222222222222222247
:20C1A00022222223135934408C7C7C907879424042404040404042141359408C8D8E8E8F47
:20C1C00090409192929293404040401413345B9B9C9D9D9E9F34A0A1A1A1A20E0F102A148D
:20C1E000134040A8A9AAAAABAC406DAAAAAA6E1E1F1F2014134040406DAA376E6B6C6D37FD
:20C20000AA456E402B2C401413404041B6B746B84140AD46AEAEAF413A3B341413787940D6
:20C2200040401940404240194040404040404014133F3E3F3E3F3E3F063F3F063F3E3F3E29
:20C240003F3E3F14134E4D4E4D4E4D4E162726164E4D4E4D4E4D4E1413696969696C410CC0
:20C26000094F50090C41404040404014134240424042411C5B1718091C4140404040401472
:20C280002D2E2E2E2E2E2E2E2E2E2E2E2E2E2E2E2E2E2E2F3C0000000000000000000000CA
:20C2A000000000000000003D3C0000000000000000000000000000000000003D4A4B4B4B9D
:10C2C0004B4B4B4B4B4B4B4B4B4B4B4B4B4B4B4CBD
:20C2D000010203030303030303030303030303030303040511000000000000000000000001
:20C2F00000000012001200152122222222222222222222222222222222222223134040407A
:20C3100007084040414040404140401E1F1F20141342404017184278798C48499034404094
:20C330002B2C401413404035070836408C8D57588F905A403A3B4014134042431718444020
:20C350009B9C66679E9F4041404059141340404307084440A8A9AAAAABAC404040405A144B
:20C37000133440511718524040B65C5DB8415B4086878814134040404F5009090909090980
:20C390000940409495A4A414133E3F3E3318787940404042404140A3A4A4A414134D4E4D14
:20C3B0004E3141414240407879405AB0B1B2B3141340404040404040403440404240344088
:20C3D00040BBBC1413424040407879403440404240344078799899142D2E2E2E2E2E2E2EED
:20C3F0002E2E2E2E2E2E2E2E2E2E2E2F3C0000000000000000000000000000000000003D8B
:20C410003C0000000000000000000000000000000000003D4A4B4B4B4B4B4B4B4B4B4B4B10
:08C430004B4B4B4B4B4B4B4CAB
:102C8800000008080C0C727E727E0C0C080800000C
:20C438000101010101010101010101010101010101010101010101010101010101010101C4
:20C458000101010101010101010101010101010101010101010101010101010101010101A4
:20C47800010101010101010101010101010101010101010101010101010101010101010184
:20C49800010101010101010101010101010101010100010101010006010101010001010162
:20C4B800010101010100010101010006010101010000010101010101000000000000000645
:20C4D800010101010000010101010101000000000000000601010101000000000000000030
:20C4F800000000000000000601010101000000000000000000000000000000060101010110
:20C518000000000000000000000000000000000601010101000000000000000000000000F9
:20C538000000000601010101010101010101010101010101010101010101010101010101C1
:20C558000101010101010101010101010101010101010101010101010101010101010101A3
:20C57800010101010101010101010101010101010101010101010101010101010101010183
:20C59800010101010101010121B8C236B5233645233E03223E4622AF22223603C9CD501FFA
:20C5B80021E6C23E38223E44322B360021ECC2360021EDC2360021EEC2361321EFC2361DA3
:20C5D80021F0C2361D21F1C2361D110040D5211412E5AF0FF5CDCD2BE806FAADC3CD93086C
:20C5F8002112C436002111C43600C9D5CD1A04CD1C1511B1C0CDB403FAADC3CD9308D1C3D7
:02C61800F2121C
:022C9800000139
:20C61A00FA7EC5B7C8AF217EC577C3FE0F01010101010101010101010101010101010101D7
:20C63A000101010101010101010101010101010101010101010101010101010101010101C0
:20C65A000101010101010101010101010101010101010101010101010101010101010101A0
:20C67A0001010101010101010101010100010101010700010101010101010101010101017C
:20C69A0000010101010700000101010101010101010101010001010101070000000101015B
:20C6BA00010101010101010100010101010700000001010101000001010101010000010043
:20C6DA00060101010001010000000000000000000000000006070000020202020000000020
:20C6FA00000000000000000006070000000000000000000000000000000000000607000006
:20C71A000000000000000000000000000000000006010101010101000100000000010000F1
:20C73A0000000000060101010101090901010909090109090909090101010101010109095E
:20C75A0001010909090109090909090101010101010101010101010101010101010101015F
:20C77A0001010101010101010101010101010101010101010121BFC2360423364C2336E2CE
:20C79A0023364D233EA7223E47223603C9019CC30A3C02FE0438033E0302FAA9C5D602207E
:20C7BA00072190C3360218052190C3360021A8C53601C9FA9CC3B720192181C5CB46280965
:20C7DA0021A7C3364D233649C921A7C336F7233647C93DC021A7C336A323364AC9000000D8
:20C7FA0000000000000000000000000000000000000000000000000000000000000000001F
:20C81A000000000000000000000000000000000000000000000000000000000000000000FE
:20C83A000000000000000000000000000000000000000000000000000000000000000000DE
:20C85A000000000000000000000000000000002E2E2E000000000000000000000000000034
:20C87A000000000000000000000000000000000000000000006D686D6D2E2E2E0000000065
:20C89A0000000000000000000000000000000000000000000000000000000068692E2E2E23
:20C8BA0000000000000000000000000000000000000000000000000000000000000000005E
:20C8DA0000000000000000000000000000000000000000000000000000000000000000003E
:20C8FA0000000000000000000000000000000000000000000000000000000000000000001E
:20C91A000000000000000000000000000000000000000000000000000000000000000000FD
:20C93A000000000000000000000000000000000000000000000000000000000000000000DD
:20C95A000000000000000000000000000000000000000000000000000000000000000000BD
:20C97A0000000000000000000000000000000000000000000000000000000000000000009D
:20C99A0000000000000000000000000000000000000000000000000000000000000000007D
:20C9BA000000000000656E676C69736820746578742100000000000000000000000000006D
:20C9DA000000000000000000000000656E676C6973682074657874206200000000000000EC
:20C9FA000000000000000000000000000000000000656E676C6F73682074657874206300C5
:20CA1A000000000000000000000000000000000000000000000000000000000000000000FC
:20CA3A000000000000000000000000000000000000000000000000000000000000000000DC
:20CA5A000000000000000000000000000000000000000000000000000000000000000000BC
:20CA7A0000000000000000000000000000000000000000000000000000000000000000009C
:20CA9A000000000000000000002E2E2E0000000000000000000000000000000000000000F2
:20CABA000000000000000000000000000000002E2E2E0000000000000000000000000000D2
:20CADA000000000000000000000000000000000000000000002E2E2E0000000000000000B2
:20CAFA0000000000000000000000000000000000000000000000000000000073656320645D
:20CB1A0069616C6F6775650000000000000000000000000000000000000000000000000015
:20CB3A0000736563206469616C6F677565000000000000007864000000000000000000005A
:20CB5A0000000000000000736563206469616C6F67756500000000000000786464646464AA
:20CB7A00000000000000000000000000002E2E2E0000000000000000000000000000000011
:20CB9A00000000000000000000000000000000000000002E2E2E00000000000000000000F1
:20CBBA00000000000000000000000000000000000000000000000000002E2E2E00000000D1
:20CBDA0000000000000000000000000000000000000000000000000000000000000000FA41
:20CBFA00A8C53DC821EDC23601C9CD501F21E6C2362723364621EEC2361421EFC236122182
:20CC1A00F0C2361D21F1C2361721ECC2360121EDC2360021E8C236F923364B116841D5217A
:20CC3A001412E5AF0FF5CDCD2BE806FAA8C5B7201ACD994CCDCD4721E5C2360111E2C2FAD0
:20CC5A0080C312FA80C3CD9308182321E5C23600FA80C36F260011B4C3193600FA80C36F32
:20CC7A00260011BBC3193600FA80C3CD9308FAADC3CD93082112C436002111C43600C9E815
:20CC9A00E3FA80C36F260011B4C3193626FA80C36F260011BBC319364BF8003E6D223E6169
:20CCBA00223E72223E74223E69223E6E22AF2222AF220100007121000039097EF81A77B7A4
:20CCDA0028272180C35E16006B6229291929E57DF81D77E17CF81C322A5F56213AC3190902
:20CCFA00E5F81C7EE1770318CDFA80C3876F260011C2C319FA80C3C6B44F3E00CEC3470A35
:20CD1A0047AF2270FA80C3876F260011D0C319FA80C3C6BB4F3E00CEC3470A47AF2270FAAC
:20CD3A0080C36F26001113C4193600FA80C36F2600111AC4193604FA80C36F26001121C4EE
:20CD5A00193601F80A36D42336C52336E42336C52336F42336C52336042336C6233614236D
:20CD7A0036C62336242336C62336342336C62336442336C62180C34E060069602909292994
:20CD9A0029290901B1C0095D54212404E53E02F533210D0039E5AFF533FA80C3CD2E03E816
:20CDBA001DC9FAEDC2B7C8FA7BC5CB67C0FA7CC5CB67C83E1DF533AF0FF51E01FA80C3CD8B
:20CDDA00711A21A9C53602C9D5CD1A04CD1C1521ADC34E060069602909292929290901B121
:20CDFA00C0095D54CDB4032180C34E060069602909292929290901B1C0095D54CDB403FA11
:17CE1A0080C3CD9308FAADC3CD9308D1D5CDF212E1C3BC4D3333C931
:012C9A000039
:20CE31000101010101010101010101010101010101010101010101010101010101010101C1
:20CE510001010101010101010101010101010101010101010101010101010101010808088C
:20CE7100080808010101010101010101010101010100000000000001010101010101010172
:20CE910001010101010000010000010001010101010101010101010101000001000001006B
:20CEB100010101010101010101010101010000010000010001010101010101010101010146
:20CED100070000010000010001010101010001010101010107000000000000000000000125
:20CEF100010000010101010107000000000000000000020202020001010101010700000000
:20CF11000000010101000000000000010101010107000000000000000000000101010101EC
:20CF31000101010107000000000000000000000000000000010101010101010101010101C9
:20CF51000101010101010101010101010101010101010101010101010101010101010101A0
:20CF7100010101010101010101010101010101010101010101010101010101010101010180
:20CF9100010101010101010121C6C2368E23365223365923365421CCC23603C9FA9DC3B73F
:20CFB100C02181C5CB46200921A7C336CB23364FC921A7C33621233651C9000000000000AD
:20CFD100000000000000000000000000000000000000000000000000000000000000000040
:20CFF100000000000000000000000000000000000000000000000000000000000000000020
:20D011000000000000000000000000000000000000000000000000000000000000000000FF
:20D03100000000000000000000000000717565206E65636573697461733F00000000000076
:20D05100000000000000000000000000000000000000686F6C61000000000000000000001B
:20D0710000000000007175652062757363616261733F0000000000006275656E20646961B9
:20D091002120717565000000000000616E64616261732062757363616E646F3F000000007B
:20D0B10000000000000000000000000000000000000000000000000000000000000000005F
:20D0D10000000000000000000000000000000000000000000000000000000000000000003F
:20D0F10000000000000000000000000000000000000000000000000000000000000000001F
:20D111000000000000000000000000000000000000000000000000000000000000000000FE
:20D131000000000000000000000000000000000000000000000000000000000000000000DE
:20D151000000000000000000000000000000000000000000000000000000000000000000BE
:20D1710000000000000000000000000000000000000000000000000000000000000000009E
:20D19100000068657900000000000000000000000000000000000000000000000000000038
:20D1B100000000000000000068656C6C6F2C0000000000000000000000000077686174204A
:20D1D100646F20796F75206E6565643F0000796F2C206B696421207768617420617265003A
:20D1F10000796F75206C6F6F6B696E6720666F723F00000000000000000000000000000008
:20D211000000000000000000000000000000000000000000000000000000000000000000FD
:20D231000000000000000000000000000000000000000000000000000000000000000000DD
:20D251000000000000000000000000000000000000000000000000000000000000000000BD
:20D27100000000000000FAAAC53D200BEA7BC5EA7CC5AFEAAAC5C921EDC23601C9CD501F9A
:20D29100CDF852CDAD4F21E5C2360111E2C2FA80C31221E6C2363123364E21EEC2361D217E
:20D2B100EFC2361321F0C2361D21F1C2361D21ECC2360121E8C2367723365221EDC23600E7
:20D2D10011D042D5211412E5AF0FF5CDCD2BE806FAADC3CD9308FA80C3CD93082112C4360F
:20D2F100002111C43600C9E8EAFA80C36F260011B4C3193660FA80C36F260011BBC319369D
:20D311004CF8003E64223E69223E61223E72223E69223E65223E72223E6F22AF22770E0013
:20D33100F8127922360059160021000039194678F81422079F77F8125D54F8141A13962369
:20D351001A9E1A57CB7E2807CB7A2008BF1805CB7A28013730272180C35E16006B622929DF
:20D371001929E57DF81677E17CF815322A5F56213AC3195D5469260019700C18A301C2C3AB
:20D39100FA80C3876F260009FA80C3C6B45F3E00CEC3571A57AF2272FA80C3876F260009C8
:20D3B100FA80C3C6BB4F3E00CEC3470A47AF2270FA80C36F26001113C4193600FA80C36FF2
:20D3D1002600111AC4193604FA80C36F26001121C4193601F80A364C2336CA23366C2336F7
:20D3F100CA23365C2336CA23367C2336CA2180C34E060069602909292929290901B1C009A7
:20D411005D54210C04E53E01F533210D0039E5AFF533FA80C3CD2E03E816C9FAEDC2B7C880
:20D43100FA7BC5CB67C0FA7CC5CB67C8FA9DC3B7C03E1DF533AF0FF51E02FA80C3CD711ABE
:20D45100AFEA7BC5EA7CC5C9D5CD1A04CD1C1511B1C0CDB403FAADC3CD9308FA80C3CD93BB
:0DD4710008D1D5CDF212E1C32C543333C9DC
:020000040001F9
:20000000010203030303030303030303030303030303040511000000000000000000000093
:2000200000000012001200152122222222222222222222222222222222222223134040400C
:2000400040404040400708404040404040404014134040868788898A8B1718344040400E46
:200060000F102A1413409495A4A4A4A49A0708404041401E1F1F20141340A3A4A4A4A4A4B3
:200080009A171834404041402B2C40141340B0B1B1B2B3B4B5070840414040343A3B341483
:2000A0001341414141BBBC40401718404040400E0F102A1413418C7C9098994040070834B8
:2000C0004040401E1F1F2014138C8D8E8F90404034171834404140402B2C4014139B9C9D4D
:2000E0009E9F4242404F5040344040343A3B5A1413A8A9AAABAC0000401732063F3E3F3E67
:200100003F3E3F141341B638B85B000042304E164E4D4E4D4E4D4E142D2E2E2E2E2E2E2E42
:200120002E2E2E2E2E2E2E2E2E2E2E2F3C0000000000000000000000000000000000003D1D
:200140003C0000000000000000000000000000000000003D4A4B4B4B4B4B4B4B4B4B4B4BA3
:200160004B4B4B4B4B4B4B4C010203030303030303030303030303030303040511000000D9
:20018000000000000000000000000012001200152122222222222222222222222222222207
:2001A00022222223134040550000408C4892924990404040404040141340405500008C8D28
:2001C000577676588F9040404040401413408C747D7D729C667777679E737D7D8590401487
:2001E000138C8D84767682A9AAAAAAAAAB837676588F9014137AA9474545AA6D45AAAA45EF
:200200006EAA4545AAAB7B1413406D47AAAAAA6DAAAAAAAA6EAAAAAAAA6E40141340B65607
:20022000B7B7B76DAA3737AA6EB7B7B7B7B8401413404065404040B6B74629B7B840404051
:20024000404040141378797540414040411A1B41405B424041787914133E3F063F3E3F3EA6
:200260003F53543F3E3F3E3F063F3E14134D4E164E4D4E4D4E63644E4D4E4D4E164E4D1470
:200280002D2E2E2E2E2E2E2E2E2E2E2E2E2E2E2E2E2E2E2F3C00000000000000000000008A
:2002A000000000000000003D3C0000000000000000000000000000000000003D4A4B4B4B5D
:2002C0004B4B4B4B4B4B4B4B4B4B4B4B4B4B4B4C0102030303030303030303030303030340
:2002E000030304051100000000000000000000000000001200120015212222222222222296
:20030000222222222222222222222223134078794040412809070809284140404042401437
:200320001334404040404140091718094041404240404014134040403440404009070809F5
:20034000406B696969696914133440404040404009171809406A0A400B0A40141378794028
:200360004040404009070809406A407E40407E141340408C4849904009171809406A1A401D
:200380001B1A4014130C409B57589F4009070809406B696969690C14131C40A86D6EAC40DE
:2003A000091718094042404040401C14132840005C5D4040094F50094040404078792814B8
:2003C000133F3E3F3E3F3E3F063332063F3E3F3E3F3E3F14134E4D4E4D4E4D4E164E4E161F
:2003E0004E4D4E4D4E4D4E142D2E2E2E2E2E2E2E2E2E2E2E2E2E2E2E2E2E2E2F3C000000F6
:200400000000000000000000000000000000003D3C00000000000000000000000000000063
:180420000000003D4A4B4B4B4B4B4B4B4B4B4B4B4B4B4B4B4B4B4B4CAB
:020000040000FA
:022C9B00010036
:020000040001F9
:20043800010101010101010101010101010101010101010101010101010101010101010184
:2004580001010101010101010101010101010101010101010101010101010101010808084F
:20047800080808080808080808080801010101010100000000000000000000000000000105
:2004980001010101010001010101010101000000000000010101010101000101010101012C
:2004B800010000000000000000010101010001010101010101000000000000000001010115
:2004D8000100000000010100000000000000000101010101010001010101010000000000F6
:2004F8000000000101010101010101010101000000000000000000000001010101010101D2
:200518000101000000000000000000000001010101010101010102020200000000000000B2
:20053800000000060101010101010101020000000000000000000006010101010101010185
:20055800020000000000000000000006010101010101010101010101010101010101010167
:20057800010101010101010101010101010101010101010101010101010101010101010143
:20059800010101010101010121CDC236A52336482336D523364A233EBE223E45223604011D
:2005B800BEC50A3C02C9FABEC53DC0FA9FC3B720062193C33600C92193C33602C9FA9FC392
:2005D800B7C02181C5CB46200921A7C336F3233645C921A7C33649233647C900000000005D
:2005F8000000000000000000000000000000000000000000000000000000000000000000E3
:200618000000000000000000000000000000000000000000000000000000000000000000C2
:200638000000000000000000000000000000000000000000000000000000000000000000A2
:20065800000000000000000000000000006D6D6D682E2E2E00000000000000000000000049
:20067800657374617320686F6A61732E2E2E00000000006275656E2064696100000000008B
:2006980000000000000000000000000000000000000000000000000000717565206D617297
:2006B8006176696C6C6F736F000000006469612C206E6F3F00000000000000000000000023
:2006D800000000000000000000000000000000000000000000000000000000000000000002
:2006F8000000000000000000000000000000000000000000000000000000000000000000E2
:200718000000000000000000000000000000000000000000000000000000000000000000C1
:200738000000000000000000000000000000000000000000000000000000000000000000A1
:20075800000000000000000000000000000000000000000000000000000000000000000081
:20077800000000000000000000000000000000000000000000000000000000000000000061
:20079800000000000000000000000000000000000000000000000000000000000000000041
:2007B8000000006D6D70682E2E2E0000000000000000000000007468657365206C65617604
:2007D80065732E2E2E00000000676F6F64206D6F726E696E670000000000000000000000DC
:2007F8000000000000000000000000000000007768617420612062656175746966756C00CB
:2008180000006461792C206B696400000000000000000000000000000000000000000000FE
:200838000000000000000000000000000000000000000000000000000000000000000000A0
:20085800000000000000000000000000000000000000000000000000000000000000000080
:20087800000000000000000000000000000000000000000000000000000000000000000060
:200898000000000000000021EDC23601C9CD501FCD1449CDD54521E5C2360111E2C2FA80F5
:2008B800C31221E6C2363823364421F2C2360021EEC2361621EFC2361D21F0C2361D21F1F2
:2008D800C2361D21ECC2360121EDC2360021E8C2369F233648110040D5211412E5AF0FF599
:2008F800CDCD2BE806FAADC3CD9308FA80C3CD93082112C436002111C43600C9E8E0FA8052
:20091800C36F260011B4C3193638FA80C36F260011BBC3193670F8003E72223E6F223E73EE
:20093800223E6122AF2222AF2222AF22770E00F81A7922360059160021000039194678F805
:200958001C22079F772180C35E16006B6229291929E57DF82077E17CF81F77113AC33A6E59
:2009780067195D5469260019E57DF82077E17CF81F77F81A5D54F81C1A1396231A9E1A57C4
:20099800CB7E2807CB7A2008BF1805CB7A2801373009F81E2A666F700C1894F81E2A666F4E
:2009B800360001C2C3FA80C3876F260009FA80C3C6B45F3E00CEC3571A57AF2272FA80C3D4
:2009D800876F260009FA80C3C6BB4F3E00CEC3470A470E00792270FA80C36F26001113C493
:2009F800193600FA80C36F2600111AC4193604FA80C36F26001121C4193601F80A36CC233D
:200A180036C92336DC2336C92336EC2336C92336FC2336C923360C2336CA23361C2336CA6A
:200A380023362C2336CA23363C2336CA2180C34E060069602909292929290901B1C0095D06
:200A580054211804E53E02F533210D0039E5AFF533FA80C3CD2E03E820C93BFAEDC2B728AE
:200A78005AFA7BC5CB672053FA7CC5CB67284C01001DFA9FC3FE01200301011AB72005218F
:200A9800ABC53602FA9FC3F80077C533612E00E51E04FA80C3CD711A219FC34EF8007E91D0
:200AB8002819CDD545CDAA07AFEAACC53E1DF533AF0FF51E04FA80C3CD711A33C9D5CD1AC9
:200AD80004CD1C15CD724A11B1C0CDB4032180C34E060069602909292929290901B1C00992
:200AF8005D54CDB403FAADC3CD9308FA80C3CD9308D1D5CDF212FAACC53D2013AFEAACC5D6
:120B18003E1DF533AF0FF51E04FA80C3CD711A3333C9AF
:020000040000FA
:012C9D000036
:020000040001F9
:200B2A0001010101010101010101010101010101010101010101010101010101010101018B
:200B4A0001010101010101010101010101010101010101010101010101010101010101016B
:200B6A0001010101010101010101010101010101010101010101010101010101010101014B
:200B8A0001010101010101010101010101010101010101010101010101010101010101012B
:200BAA0001010101010101010101010101010101010101010101010101010101010101010B
:200BCA000101010101010101010101010101010101010006010101010101010101010101E7
:200BEA000101010101010006010101000001010101010101010000000000000601010100CB
:200C0A000000000000000000000100000001010107000000000000000000000000000000BF
:200C2A00000000060700000000000000000000000000000000000006070000000000000090
:200C4A00000000000000000000000006010101010101010101010101010101010101010170
:200C6A0001010101010101010101010101010101010101010101010101010101010101014A
:200C8A00010101010101010121D4C2367023364F23361D23365121DAC23604C9FAA2C3B747
:200CAA00C02181C5CB46280921A9C336C423364CC921A9C3361A23364EC90000000000007F
:200CCA0000000000000000000000000000000000000000000000000000000000000000000A
:200CEA000000000000000000000000000000000000000000000000000000000000000000EA
:200D0A000000000000000000000000000000000000000000000000000000000000000000C9
:200D2A000000000000000000000000006D6D6D682E2E2E00000000000000000000000074FC
:200D4A006861742773206E6F74206D7920626F6F6B00000000000000000000000000000070
:200D6A00000000000000000000000000000000000000000000000000000000000000000069
:200D8A00000000000000000000000000000000000000000000000000000000000000000049
:200DAA00000000000000000000000000000000000000000000000000000000000000000029
:200DCA00000000000000000000000000000000000000000000000000000000000000000009
:200DEA000000000000000000000061772C207468616E6B20796F6F6F6F75210000000000C4
:200E0A000000000000000000000000000000000000000000000000000000000000000000C8
:200E2A000000000000000000000000000000000000000000000000000000000000000000A8
:200E4A00000000000000000000000000000000000000000000000000000000000000000088
:200E6A00000000000000000000000000000000000000000000000000000000000000000068
:200E8A0000006D6D6D682E2E2E206E6F20657320656C0000006C6962726F20717565207412
:200EAA00652070656469000000000000000000000000000000000000000000000000000001
:200ECA00000000000000000000000000000000000000000000000000000000000000000008
:200EEA000000000000000000000000000000000000000000000000000000000000000000E8
:200F0A000000000000000000000000000000000000000000000000000000000000000000C7
:200F2A000000000000000000000000000000000000000000000000000000000000000000A7
:200F4A0061772C206772616369616161617321000000007465206465626F20756E6100004E
:200F6A00000000000000CD501F21E5C2360121E6C2362A23364B21EEC2361721EFC2361524
:200F8A0021F0C2361D21F1C2361D21ECC2360021EDC23600116841D5211412E5AF0FF5CDB4
:200FAA00CD2BE806CDC54FCDA64CFAADC3CD93082112C436002111C43600C9E8E2FA80C3A6
:200FCA006F260011B4C3193628FA80C36F260011BBC3193628F8003E66223E6C223E612250
:200FEA003E6722AF2222AF2222AF22770E00F81A7922360059160021000039194678F81C4D
:20100A0022079F77F81A5D54F81C1A1396231A9E1A57CB7E2807CB7A2008BF1805CB7A2873
:20102A00013730272180C35E16006B6229291929E57DF81E77E17CF81D322A5F56213AC34E
:20104A00195D5469260019700C18A301C2C3FA80C3876F260009FA80C3C6B45F3E00CEC310
:20106A00571A57AF2272FA80C3876F260009FA80C3C6BB4F3E00CEC3470A47AF2270FA80CA
:20108A00C36F26001113C4193600FA80C36F2600111AC4193604FA80C36F26001121C419C2
:2010AA003601F80A368C2336C723369C2336C72336AC2336C72336BC2336C72336CC23361E
:2010CA00C72336DC2336C72336EC2336C72336FC2336C72180C34E060069602909292929E2
:2010EA00290901B1C0095D54211804E53E02F533210D0039E5AFF533FA80C3CD2E0321E59A
:20110A00C2360111E2C2FA80C312FA80C3CD9308E81EC9D5CD1A04CD1C1511B1C0CDB40390
:20112A002180C34E060069602909292929290901B1C0095D54CDB403FAADC3CD9308FA8049
:0B114A00C3CD9308D1C3F2123333C9A8
:020000040000FA
:032C9E0001010130
:020000040001F9
:2011550001010101010101010101010101010101010101010101010101010101010101015A
:2011750001010101010101010101010101010101010101010101010101010101010101013A
:201195000808080108080808010101010101010101010000000000000000000000010101F4
:2011B50001010101010100000000000000000000000101010101010101010100000000000A
:2011D5000000000000010101010101010101010000000000000000000001010101010101E9
:2011F5000700000101010100000000000001010101010101010100010101010000000000C2
:201215000001010101010101010100010101010000020000000000000101010101010001A3
:20123500010101010102000000000000000001010700000000000201010200000000000083
:20125500000000010700000000000202020200000000000000000001070000000000000061
:20127500000000000000000000000001010101010101010101010101010101010101010144
:20129500010101010101010101010101010101010101010101010101010101010101010119
:2012B500010101010101010121DBC236D123365223362023365321E1C23604C9CD501F2158
:2012D500E6C2365523365121EEC2361D21EFC2361621F0C2361321F1C2361D21ECC2360092
:2012F50021EDC2360011D042D5211412E5AF0FF5CDCD2BE806FAADC3CD930821E5C2360079
:201315002112C436002111C43600C9D5CD1A04CD1C1511B1C0CDB403FAADC3CD9308D1C36C
:02133500F212B2
:020000040000FA
:2012B800E8FCF802792270210400195D541AF80022131A77F8062A4F466960292909292933
:2012D8004D44F8022A666F094D4429290929294D44E1E5097DE804E1C1E9E8F9FAADC34F37
:2012F80021B4C30600097ECB3707E61FF8007721BBC30600097ECB3707E61FF80677010F75
:20131800C4FA11C4EA12C4F8007E0203F8067E0221E6C22A4F46F8065E16006B6229291937
:201338002929E57DF80377E17CF802322A666F094D44F8006E2600094D440AEA11C421E657
:20135800C22A4F46F8012A666F094D44F8007EF805776E2C2600097E3D3E012801AFEE01EE
:20137800EA77C521E6C22A4F46F8012A666F094D44F8057E3D6F2600097E3D3E012801AFED
:20139800EE01EA76C511E6C21AF80322131A22233A22AF322A4F460B696029290929294DF5
:2013B80044F8032A666F094D44F8006E2600094D440A3D3E012801AFEE01EA74C521E6C2DE
:2013D8002A4F46F8057E26006F235D542929192929094D44F8006E2600094D440A3D3E014F
:2013F8002801AFEE01EA75C5FA11C42112C44E912803CDAA07FA7EC53D202A21E6C22A4F96
:2014180046F8012A666F094D44F8006E2600094D440AB72806FAF2C2B7200AAFEA7EC5EA72
:2014380052C5CDFE0F21E6C22A4F46F8012A666F094D44F8006E2600094D440AFE023829F8
:20145800FE0630255F1D1D21ECC27BBED21915D602D2191521E8C2CB231600192A4F467883
:20147800B1CA19156960CDA02B21E6C22A4F46F8012A666F094D44F8006E2600094D440A00
:201498004F3E0591307B79D60A3076FAADC35F21B4C316001979FE062815D607282621BB16
:2014B800C316001979FE082830D6092841185201EEC20AD61D284A3610C5CD0422C10AEAC6
:2014D800AAC6183D01EFC20AD61D2835368EC5CD0422C10AEAAAC6182801F0C20AD61D286A
:2014F80020366CC5CD0422C10AEAAAC6181301F1C20AD61D280B3628C5CD0422C10AEAAAB1
:04151800C6E807C951
:132CA1000000000000000000000000000000000000FFFF22
:20151C003BFA7BC5CB77200FFA7CC5CB772808CD042221AAC63603FA4DC5B7202CFA7BC516
:20153C00CB572807214DC53601181ECB5F2807214DC536021813CB4F2807214DC5360318E2
:20155C00080F3005214DC53604FA4DC53D2811FA4DC5FE022833FE032858D604285C186076
:20157C00FAADC3CD0002FAB2C3F8007721ADC34E060069602909292929290901B1C0095DD3
:20159C0054F8007ECDF6031837FAADC3CD4D02FAB0C3F8007721ADC34E06006960290929E5
:2015BC002929290901B1C0095D54F8007ECDF603180EFAADC3CD97021806FAADC3CDE402F2
:2015DC00FA4DC53D202CFA7BC5CB572025AFEA4DC5FAB1C3F8007721ADC34E06006960295A
:2015FC0009292929290901B1C0095D54F8007ECDF603FA4DC5D602202CFA7BC5CB5F2025D8
:20161C00AFEA4DC5FAAFC3F8007721ADC34E060069602909292929290901B1C0095D54F877
:20163C00007ECDF603FA7BC54FFA4DC5D6032008CB492004AFEA4DC5FA4DC5D6042008CBF8
:20165C00412004AFEA4DC533C94FF0905FCDBD013E1A91DAAA170600217E1609094E236681
:20167C0069E9B416F416D416E416C416AA17AA17AA17AA17AA17AA17AA17AA17AA17AA17E0
:20169C00AA17AA17AA1704171D1736174F1768178117AA17AA179A173E02E0902100203678
:2016BC0002CDFC5401B1C2C93E02E0902100203602CDB25201A6C2C93E02E090210020365F
:2016DC0002CDD8490144C2C93E02E0902100203602CD734F019FC2C93E02E0902100203624
:2016FC0002CDB824013AC4C93E03E0902100203603D5CDA045D17BE0902100207301B8C2BE
:20171C00C93E03E0902100203603D5CD8F47D17BE0902100207301BFC2C93E03E0902100B4
:20173C00203603D5CD994FD17BE0902100207301C6C2C93E04E0902100203604D5CDA04534
:20175C00D17BE0902100207301CDC2C93E04E0902100203604D5CD924CD17BE090210020FA
:20177C007301D4C2C93E04E0902100203604D5CDBD52D17BE0902100207301DBC2C93E0681
:12179C00E0902100203606CD884D01F4C2C9010000C962
:2017AE0001F401F417F817029001FE170418039600091813180496001B181E1805EE022248
:2017CE001827180684032D182D180752033718411808EE0245184B18098A02501859180A59
:2017EE00FA006218621870616E006272656164006C65636865006D696C6B00636172616DFE
:20180E00656C6F730063616E6469657300746500746561006361666500636F666665006328
:20182E00686F636F6C617465006D65726D656C616461006A616D006A61626F6E00736F611E
:19184E00700067616C6C6574617300626973637569747300736F646100B7
:102CB4000A040709020000000000000000000000F0
:202CC40005050F0F1F1F1B1B11111011101108085050F8F8F8F8D8D8888808280828101020
:202CE40004040F0B1E112E212621181F090F0F0F2020F0D078887484648418F890F0F0F02C
:202D04000A0A1F1F1F1F1B1B1111101410140808A0A0F0F0F8F8D8D888880888088810105F
:202D240004040F0B1E112E212621181F090F0F0F2020F0D078887484648418F890F0F0F0EB
:202D440005000F001F001B0011001212121208085000F800F800D8008800484848481010D8
:202D640004040F0B1E112E212621181F090F0F0F2020F0D078887484648418F890F0F0F0AB
:2018670001F3C26960CBC66960CBD66960CBCE6960CBDE6960CBF66960CBEE0AF61002C92C
:020000040001F9
:208B2C00E8E8F8147323722B2B7711685ED521001DE5CD282BE804113860D5211412E5AF44
:208B4C000FF5CDCD2BE806F8163600F8167EF81396D2F54BF80D3600F8164E060069602940
:208B6C0009E57DF81077E17CF80F322A5F56F8142A666F194D4459501AF81022131A77F84C
:208B8C00173600F8167EF812775E1C1C1CF8177ED60F3033D5F8122A5F56F8196E2600196C
:208BAC00D14D440AB72820D5CDAD06D179C6D247F8174E793CC5C533CD3F2AC179C603F8C0
:208BCC000D77F8173418BCD5F8102A5F56F8162A666F192323D14D440AC6CEF533F80E7E1A
:208BEC00CD3F2AF81634C3574B2181C5CB462048F8023E72223E65223E71223E75223E69CE
:208C0C00223E73223E69223E74223E6F223E732236000E0059160021020039197EB7286629
:208C2C00C5CDAD0659C17BC6D24104C5F5331E0778CD3F2AC10C18DCF8003E72223E652261
:208C4C003E71223E75223E69223E72223E65223E6D223E65223E6E223E74223E73223600C5
:208C6C000E0059160021000039197EB72818C5CDAD0659C17BC6D24104C5F5331E0778CD75
:208C8C003F2AC10C18DCF8163600F8167EF81C96D2374DF8164E0600696029094D44F81ACE
:208CAC002A666F094D44232356C5D51E0A7ACD542969D1C1E5C51E0A7ACD592959C1E17DDF
:208CCC00C6F4577BC6F45FF8167EC608F80E77C5D5D5335E3E01CD3F2AD17BF533F8115EBC
:208CEC003E02CD3F2AC1F80F792270F8173600F80F2A5F561A4F131A47F8176E2600094D1E
:208D0C00440AB72820CDAD06F811792270F8117EC6D247F8177EC604C533F80F5ECD3F2A16
:208D2C00F8173418CAF81634C3964C3ECFF5331E0C3E11CD3F2AAFEA7BC50E002E010C799C
:208D4C00D61938250E002D2011C53EFFF5331E0C3E11CD3F2AC12E00180FC53ECFF5331E48
:1C8D6C000C3E11CD3F2AC12E01CDBD01CD702BEA7BC5CB6728C8E818E1E803E976
:198D880021F4C236A123364D2336F723365421FAC2360621F3C2CBC6C938
:208DA100E8E72132C33E782236782134C3362021ACC536012181C5CB462876F8003ED122D1
:208DC1003E4F22AF223ED6223E4F223601F8064D443EDC22364FF8083E08223EE3223E4F6E
:208DE1002236053E02F533C53E02210300395D54CD2C4BFA9FC6B72003CD9757F80C4D44CD
:208E01003673F80D3E77223E6522223E70223E27223E65223E6D223E2122AF2222360059F9
:208E210050D5CD2E5ECDCA57CD0850D1CD2E5E186FF8003EEA223E4F22AF223EF0223E4F50
:208E4100223601F8064D443EF722364FF8083E08223EFE223E4F2236053E02F533C53E0230
:208E6100210300395D54CD2C4BFA9FC6B72003CD9757F80C4D443662F80D3E61223E7222E6
:208E8100223E65223E2122AF2222AF2222AF22775950D5CD2E5ECDCA57CD0850D1CD2E5E27
:208EA100CD26500E0079D60530292135C306000979CB37E6F0C62C772114C3060009360094
:208EC100212DC306000936042105C306000936000C18D20E003E0391386979E601201011F1
:208EE1002CC8C53E01F53379CDD04A5FC1180EC53E01F533113CC879CDD04A5FC121FBC20C
:208F0100060009732114C306000936002100C30600093E35815F3EC3CE00571A772128C388
:208F21000600091A772105C3060009360069AF6729110AC319AF2277212DC3060009360421
:208F41000C1892F8183603F8187ED60530793E01F53311ACC67ECDD04A4F11FBC2F8186E15
:208F61002600195D5479121114C3F8186E2600194D44AF021100C3F8186E2600194D44115B
:208F810035C3F8186E2600195D541A02D51128C3F81A6E260019D14D441A021105C3F81857
:208FA1006E2600194D44AF02F8184EAF696729110AC319AF2277112DC3F8186E2600193688
:208FC10004F81834C3484F111E00CDE15DE819C96D6F7665007377656570006C6561766502
:208FE100730061636F726E73006D6F7665720062617272657200686F6A6173000062656C88
:079001006C6F746173000045
:020000040000FA
:082D840000000000050A000038
:020000040001F9
:20900800110040D5210059E5CD282BE804119045D5211412E5AF0FF5CDCD2BE806C9E8FCBD
:20902800FAAEC36F260011B4C319363211BBC3FAAEC36F2600193670012CC4FAAEC36FAF57
:209048006729093E9022360101C2C3FAAEC3876F260009FAAEC3C6B44F3E00CEC3470A4797
:20906800AF227021AEC37E87C6D04F3E00CEC3476E26001956AF02037A02FAAEC36F2600E2
:209088001113C4193600011AC4FAAEC36F26000936020121C4FAAEC36F2600093601F80053
:2090A8003E54223EC5223E642236C521AEC34E060069602909292929290901B1C0094D5466
:2090C800210C02E53E01F53321030039E5AFF53359FAAEC3CD2E03E804C9E8F84F11B4C3C6
:2090E800FAAEC36F2600197EF800772100C30600097EF801772A22AF322A5F562108001933
:20910800E57DF80877E17CF80777F8007EF804223600F8045D54F8061A1396231A9E304315
:20912800F8042A5F5621040019E57DF80877E17CF80777F8025D54F8061A1396231A9E30EB
:2091480022F8013A963009112DC3692600193603F8002A963009112DC36926001936023EF1
:20916800011801AFE808C9E8F9F80677112DC36E26001933335D54D51AD604C21F52111924
:20918800C3F8066E260019E57DF80477E17CF803322A5F561A4F0C3A6E6771F8063A2B22A1
:2091A800AF322A5F566B622929191114001906007D917C983061F8022A666F3600CD6B222F
:2091C800CB412053E13600E50114C3F8066E26000936010105C3F8066E2600093628F804A4
:2091E8004E0600CB21CB10210AC309AF2236280100C3F8066E2600094D443E352197C686BF
:209208005F3EC3CE00571A027E16005F13010500CD48292197C671E807C9E8F5F80A36009F
:20922800F80A7ED605D290533AD6033E0017227ECD6F51112DC3F80A6E26001933335D54BA
:20924800D51AF80877B7C20A53FAA0C6F80777FAA1C6F80832013C002A5F56CD6029F807F0
:20926800792278227EB73EB020023EFFF809322B7EF80477F8087EF80532CB2623CB16F846
:20928800097EF80622AF322A5F56F8042A666F19E57DF80A77E17CF809327EF80277F809F0
:2092A8007EF80377F80A3A2B22AF32CB2623CB162B2A5F56210AC319E57DF80677E17CF81A
:2092C80005322A5F2A571A22131A322A5F56F8022A666F19E57DF80A77E17CF80977F8040D
:2092E8002A5F56F8082A12132A121105C36E260019E57DF80877E17CF807322A5F2A2357E2
:209308007E12FA94C6B72843D1D51AF80977D60320231100C3F80A6E260019E57DF809778E
:20932800E17CF808322A5F2A571A322B3D3D5E23666B771816F8097ED602200F1100C3F852
:209348000A6E2600194D440AC602021105C3F80A6E2600194D440AF809221100C36E26003B
:20936800194D440A4F11FBC2F80A6E2600195D541A2601E5332601E533F80B66E53359CD75
:20938800250AF80A34C32852E80BC9E8F8F8073600F8077ED605D2F4541114C36E2600194B
:2093A80033335D54D51AF80677B7CAEE5423112DC36E260019E57DF80477E17CF803322A0D
:2093C8005F561AFE04CAEE54B720351105C3F8076E260019E57DF80677E17CF805322A5F2B
:2093E8002A571A772132C34EF8067E91DAEE54F8022A666F3601FA32C3F8045E23666B77E2
:20940800F8077ECDE250B72007F8022A666F3601F8077ED6033E0017F804322B2A5F561ABD
:20942800F8074E2B2B0600CB21CB10712370D603204A231100C36E2600194D440A4FFA34B1
:20944800C3913838F8022A666F3604E13600E51105C3F8076E2600194D44AF02110AC3F874
:20946800052A666F194D44AF020302F8047EB72006219AC63418052195C63601F8022A5F21
:20948800561AD60220601100C3F8076E2600194D440A2133C34E91384DF8022A666F360433
:2094A800E13600E51105C3F8076E260019E57DF80477E17CF803322A666F3600F8052A5F09
:2094C80056210AC319E57DF80477E17CF803322A666FAF2277F8047E3D2006219BC63418D6
:2094E800052195C63601F80734C39953E808C93B3BFA95C6B7CABB55FAA5C63DCA9457FA64
:20950800A0C6F80077FAA1C6F8017721A0C62A5F56E1E57B955F7A9C474B3E3CB93E009851
:20952800DAB455FAA5C63DCAB455CD055E21A0C62A5F56E1E57B955F7A9C57010F00CD694D
:209548002978B12025F0435FF0424F2196C67EB7200C7BC604E04379E0423601180C7BC6DC
:20956800FCE04379E042AFEA96C6FAA0C621A1C656013C005FCD60293E1E914FC51E0A7962
:20958800CD542979C1C6F457D51E0A79CD592979D1C6F447C5D5331E103E09CD3F2A331E55
:2095A800103E0ACD3F2ACDBD01C31355AFEA95C6C39457CD055EFAA5C63DC27A56CD295E05
:2095C800F8013600F8017E4F079F47FA79C56F26005C507995789CCB7B2807CB7A2008BF65
:2095E8001805CB7A2801373015210101E53EFFF5331E00F8047ECD250AF8013418C601BB94
:20960800C3FAAEC36F2600093600FAAEC3CD93081E00FA9AC62198C696380BFA9BC6219988
:20962800C69638021E01D53E04CD555CD1C53E04CD2B58CD9E5B0187C30A5F1600FA9AC6C6
:209648002198C696380BFA9BC62199C696380216017AB72004B328011D1520067BD60230DC
:20966800011C7B023E01CD490DFA51C5EAAAC6C39457FA7BC5CB6728072194C63601180465
:20968800AFEA94C6FAAEC3C6B44F3E00CEC347FA34C31E00C6FC6F7BCEFF670A4F060058DF
:2096A800547D917C98CB7B2807CB7A2008BF1805CB7A28013738072176C536001805217644
:2096C800C53601FAAEC36F260011B4C3190133C30A4F0600030303036E26007D917C983895
:2096E800072177C5360018052177C536011E003E01CD9F5BCD9353CD2252FAAEC3CD93082C
:20970800FAA0C621A1C656013C005FCD60293E1E914FC51E0A79CD542979C1C6F447C51E07
:209728000A79CD592979C1C6F457D5C5331E103E09CD3F2A331E103E0ACD3F2AFA9AC61E35
:209748000ACD542979C6F4F5331E0F3E01CD3F2AFA9AC61E0ACD592979C6F4F5331E0F3E19
:2097680002CD3F2AFA9BC61E0ACD542979C6F4F5331E0F3E11CD3F2AFA9BC61E0ACD5929FD
:0F97880079C6F4F5331E0F3E12CD3F2A3333C995
:20979700AFEA9CC6219DC63678219EC63601219FC63601F09011685ED521001DE5CD282B9D
:2097B700E804113860D5211412E5AF0FF5CDCD2BE806C90E00C53EF4F5331E083E09CD3F27
:2097D7002AC1FA9EC63DC0CDBD01219CC6347E219DC6963807AFEA9EC6EA9FC63E28219CA4
:2097F700C69638043E0318193E50219CC69638043E02180D3E78219CC69638043E0118019D
:14981700AFC6F4B928BC4FC5F5331E083E0ACD3F2AC118AED0
:020000040000FA
:042D8C0000B400008F
:020000040001F9
:20982B00E8C1F83D327311F846D5210027E5CD282BE804116849D5211412E5AF0FF5CDCD2D
:20984B002BE806CDBD01F8412A5F56D501E803CD6029F802792270D1D501E803CD6929F83C
:20986B0016792270D1D5016400CD6929F83C792270D1010A00CD69295950F8007EF8387712
:20988B00D5016400F8162A5F56CD6029D1F8397B227E711E0ACD5429F83B712181C5CB4624
:2098AB00C2275AF8023E6D223E69223E73223E69223E6F223E6E223E2022223E63223E6F7F
:2098CB00223E6D223E70223E6C223E65223E74223E6122AF22770E0059160021020039195E
:2098EB007EB72819C5CDAD0659C17BC6D2410404C5F5331E0378CD3F2AC10C18DB0183C369
:20990B00F83D6E2600094D440AC6C8F5331E053E08CD3F2A018FC3F83D6E2600094D440ABA
:20992B00C6CBF5331E053E0BCD3F2AF8223E73223E75223E65223E70223E72223E61223E99
:20994B0064223E6122AF2277F83E3600E5212400395D54E1F83E6E2600194D440AB7281E91
:20996B00CDAD06F814792270F8147EC6D247F83E7E3CC5331E08CD3F2AF83E3418CEF83C14
:20998B007EB7200B3EFFF5331E083E0CCD3F2AF82C3E72223E65223E63223E6F223E6D2237
:2099AB003E70223E65223E6E223E73223E6122AF22770E00591600212C0039197EB72818CC
:2099CB00C5CDAD0659C17BC6D247793CC5C5331E0BCD3F2AC10C18DCF8382A235E23462BC2
:2099EB002B4EC6F4C5D5F5331E0B3E0ECD3F2AD1C17BC6F4C5F5331E0B3E0FCD3F2AC17823
:209A0B00C6F4C5F5331E0B3E10CD3F2AC179C6F4F5331E0B3E11CD3F2AC38B5BF8163E6DBB
:209A2B00223E69223E7322223E69223E6F223E6E223E20223E63223E6F223E6D223E702226
:209A4B003E6C223E65223E74223E6522AF22770E0059160021160039197EB72819C5CDADCE
:209A6B000659C17BC6D24779C602C5C5331E03CD3F2AC10C18DB1183C3F83D6E2600194DC6
:209A8B00440AC6C8F5331E053E08CD3F2A118FC3F83D6E2600194D440AC6CBF5331E053E1E
:209AAB000BCD3F2AF8283E70223E61223E7322223E65223E6422AF2277F83E3600E5212A47
:209ACB0000395D54E1F83E6E2600194D440AB72817CDAD0679C6D247F83E7E3CC5331E0856
:209AEB00CD3F2AF83E3418D5F83C7EB7200B3EFFF5331E083E0CCD3F2AF8303E72223E6592
:209B0B00223E77223E61223E72223E6422AF2277F83E3600E5213200395D54E1F83E6E2669
:209B2B0000194D440AB72817CDAD0679C6D247F83E7E3CC5331E0BCD3F2AF83E3418D5F802
:209B4B00382A234E235E2B2B56C6F4C5D5F5331E0B3E0ECD3F2AD1C179C6F4D5F5331E0BE8
:209B6B003E0FCD3F2AD17BC6F4D5F5331E0B3E10CD3F2AD17AC6F4F5331E0B3E11CD3F2ACC
:209B8B00F83C7E3D2005CDEE181803CD5F19E83FE1F1E9C94FFA4DC5B7203CFA7BC5CB57FE
:209BAB00280B1C1D2807214DC53601182ACB5F280B1C1D2807214DC53602181BCB4F280BA3
:209BCB000C0D2807214DC53603180C0F300979B72805214DC53604FA4DC53D2811FA4DC502
:209BEB00FE022812FE032816D604281A181EFAAEC3CD00021816FAAEC3CD4D02180EFAAED2
:209C0B00C3CD97021806FAAEC3CDE402FA7BC54FFA4DC53D2008CB512004AFEA4DC5FA4DA8
:209C2B00C5D6022008CB592004AFEA4DC5FA4DC5D6032008CB492004AFEA4DC5FA4DC5D68F
:209C4B0004C0CB41C0AFEA4DC5C9E8FB4FF80473FAA6C6F80077FAA7C6F801771E002183E6
:209C6B00C30600097EF80277218FC30600097ED60220021E01FAA6C64F21A7C646F8047EFC
:209C8B003D3E012801AFF803777B3D3E012801AF57F8027EB7206423237EB72012B3200F8B
:209CAB0021F401094D7C21A6C6712377C3CF5DF8037EB728137BB7200F213408094D7C210E
:209CCB00A6C6712377C3CF5DF8047EB72012B2280F212003094D7C21A6C6712377C3CF5D2A
:209CEB00F8037EB7CACF5D7AB7CACF5D21AC0D095D5421A6C67B2272C3CF5DF8027E3D2018
:209D0B0060F8047EB72012B3200F215802094D7C21A6C6712377C3CF5DF8037EB728137BD9
:209D2B00B7200F21FC08094D7C21A6C6712377C3CF5DF8047EB72011B2280E218403095D5C
:209D4B005421A6C67B2272187BF8037EB728757AB7287121D80E094D7C21A6C67123771855
:209D6B0063F8027ED602205CF8047EB72011B3200E21BC02094D7C21A6C67123771845F8C8
:209D8B00037EB728127BB7200E21C409095D5421A6C67B2272182DF8047EB72011B2280E13
:209DAB0021E803094D7C21A6C67123771816F8037EB728107AB7280C216810094D7C21A6F5
:169DCB00C671237721A6C62A5F56E1E57B955F7A9C474BE805C9B2
:209DE1004B42696029092909290929294D4421A2C679227021A4C63601AF21A0C62277AFBF
:209E0100EAA5C6C9FAA4C6B7C821A0C6342002233411A0C621A2C61A1396231A9ED8AFEAFD
:0D9E2100A4C621A5C63601C9AFEAA5C6C971
:020000040000FA
:062D90000000000000003D
:020000040001F9
:209E2E003B0E00692600197EB7282DC5D5CDAD0669D1C17DC6D2F80077793CD5210200391A
:1A9E4E00E52601E5332601E5332601E533F533CDCD2BE806D10C18CB33C9C1
:020000040000FA
:022D960000003B
:20188700AFE0103E80E0113EF2E0123E2CE0133E84E01411C800CDA12B3E5DE0133E85E01B
:2018A7001411C800CDA12B3EF4E0123E94E0133E86E014C9AFE0103E40E0113EC3E0123EF2
:2018C70073E0133E86E014119001CDA12B3E50E0133E86E014119001CDA12B3EC7E012AF8E
:2018E700E0133E85E014C9AFE0103E80E0113EF2E0123E2CE0133E84E014119600CDA12BAB
:201907003E2CE0133E84E014119600CDA12B3E2CE0133E84E014119600CDA12B3EF4E012F6
:201927003E94E0133E86E014115802CDA12B3E17E0103E80E0113EF7E0123ED7E0133E8638
:20194700E0143E01E0203E96E0213E44E0223E80E02311B80BC3A12BAFE0103E40E0113E84
:20196700C2E012AFE0133E85E014119001CDA12B3E50E0133E86E014119001CDA12B3E1E48
:20198700E0103E40E0133E86E014112003CDA12BAFE0103EC7E0123E10E0133E84E0143E8F
:2019A70001E0203EA7E0213E67E0223E80E02311B80BC3A12B3E15E0103E81E0113EF3E06A
:2019C700123E73E0133E86E014C93E01E0203E11E0213E51E0223E80E023C9AFE0103E81C1
:2019E700E0113E41E0123E73E0133E85E014C93E15E0103E81E0113E52E0123E73E0133E03
:201A070085E014C93E1EE0103E41E0113E62E012AFE0133E86E014C93E16E0103E41E01158
:201A27003EA2E0123E50E0133E86E014C93E27E0103E82E0113E44E0123E10E0133E86E06C
:171A470014C93E1EE0103E41E0113E52E0123E20E0133E86E014C99B
:201A5E00CD780BEA80C3CD780BEA81C3CD780BEA82C3C9E8DFF81E3273CDE219AFEA52C52B
:201A7E00118FC3F81D6E260019E57DF81A77E17CF819322A5F2A571A771183C3F81D6E26FD
:201A9E000019E57DF81D77E17CF81C322A5F561AF8207701A7C3F8235EAF6B6729092A4FE6
:201ABE0046F81A5E16006B62291929192929291929094D44F8207E5F878783878793878165
:201ADE004F3E0088473333C5211300095D54AFF81F2277D5F8022A5F56F8212A666F19D164
:201AFE004D440AB7282ED5CDAD06D179C6D2F81777F81F4604D521190039E5210101E53E8F
:201B1E000FF533C533CDCD2BE806D1F81F3420C3233418BFAFF81F2277D5F8212A666F1933
:201B3E00D14D440AB72830D5CDAD06D179C6D2F817774D44F81F7E3CD5C52601E5332601ED
:201B5E00E5332610E533F533CDCD2BE806D1F81F3420C6233418C2013AC3F81E5E16006B00
:201B7E006229291929095D54AFF81F2277D5F8212A666F19D14D440AB72830D5CDAD06D191
:201B9E0079C6D2F817774D44F81F7E3CD5C52601E5332601E5332601E533F533CDCD2BE802
:201BBE0006D1F81F3420C6233418C2F81B2A5F561AC6C8F8027721020039E5210101E52159
:201BDE000F01E5CDCD2BE806F81A7EC6CBF8037721030039E5210101E5211101E5CDCD2B85
:201BFE00E806F8247EB7CA131E1E013E0CCD75262181C5CB46C2DD1CF80A3E61223E7922ED
:201C1E003E75223E64223E61223E72223E3F2236000E00591600210A0039197EB7281AC56F
:201C3E00CDAD0659C17BC6D25F79C603C563E5331E04CD3F2AC10C18DAF8123E73223E695D
:201C5E0022AF223E6E223E6F223600F8203600E5211400395D54E1F8206E2600194D440A0D
:201C7E00B7281CCDAD06E1C5F8007EC6D247F8207EC60DC5331E06CD3F2AF8203418D03EA3
:201C9E00CFF5331E063E0CCD3F2A0E0059160021150039197EB72819C5CDAD0659C17BC670
:201CBE00D24779C609C5C5331E06CD3F2AC10C18DB3ED0F5331E063E08CD3F2AC3AD1D214A
:201CDE0081C5CB46CAAD1DF8043E6C223E65223E6E223E64223E20223E61223E20223E6875
:201CFE00223E61223E6E223E64223E3F2236000E0059160021040039197EB72819C5CDADD3
:201D1E000659C17BC6D24779C603C5C5331E04CD3F2AC10C18DBF8113E79223E65223E73BC
:201D3E0022AF223E6E223E6F2236000E0059160021110039197EB72819C5CDAD0659C17B6E
:201D5E00C6D24779C60CC5C5331E06CD3F2AC10C18DB3ECFF5331E063E0BCD3F2A0E005925
:201D7E00160021150039197EB72819C5CDAD0659C17BC6D24779C608C5C5331E06CD3F2A1A
:201D9E00C10C18DB3ED0F5331E063E07CD3F2A0E0079D60F3006CDBD010C18F5AFEA7BC571
:201DBE00EA7CC5FA7BC5EA7CC5CD702B217BC5774EFA7CC5CB612012CB67280ECD0422F8FB
:201DDE00257EEAAAC6CDF619182BCB6920D5CB6F28D1119BC3F81D6E2600193603F81B2AC6
:201DFE00666F3600F8182A666F36001E013E0CCD3526CD0B1AE821E1E803E911271ED521E8
:201E1E00C806E5CD282BE804C900C33CA57E247E007E187E243C8100C300C33CA57E247EDC
:201E3E00007E007E183C8100C300C33CA57E247E007E247E183C8100C300C366E7E781EF0D
:201E5E008166423424109100C300C366E79999818142422424189900C300C366E7FF99FF54
:0F1E7E00817E423C24189900C30102030405062B
:201E8D0000007E7E42424A4A525242427E7E00000000080878780808080808081E1E000091
:201EAD0000007E7E02027E7E404040407E7E000000007E7E02020E0E020202027E7E0000FD
:201ECD000000424242427E7E020202020202000000007E7E40407E7E020202027E7E000069
:201EED0000007E7E404040407E7E42427E7E000000007C7C040404040E0E04040404000029
:201F0D0000007E7E42427E7E424242427E7E000000007E7E42427E7E0202020202020000AC
:0A1F2D000102030405060708090A73
:201F3700CD780BEAADC3CD780BEAAEC30108C4FAADC36F2600093600C9E8B0FAADC36F26CA
:201F57000011B4C3193638FAADC36F260011BBC3193650FAADC34F2108C40600094605200E
:201F7700633EB4815F3EC3CE005721DEC30600097E12FAADC35FC6BB4F3EC3CE004721E5D9
:201F9700C31600197E02FAADC3875FC6C24F3EC3CE004721ECC31600192A6602037C02FA6F
:201FB700ADC3875FC6D04F3EC3CE004721FAC31600192A6602037C02FAADC36F2600110881
:201FD700C4193600012CC4FAADC326006F29093E9C223600FAADC35F21BBC31600197EEA84
:201FF700B3C3FAADC387C6C24F3E00CEC34721B4C316001956AF02037A02FAADC3876F26A3
:202017000011D0C319FAADC3C6BB4F3E00CEC3470A47AF2270FAADC36F26001113C41936D4
:2020370000011AC4FAADC36F26000936040121C4FAADC36F2600093601014CC83333C5F80B
:2020570002366C2336C823365C2336C823367C2336C823368C2336C82336AC2336C8233653
:202077009C2336C82336BC2336C82371237023366C2336C823365C2336C823367C2336C87D
:202097002336CC2336C82336EC2336C82336DC2336C82336FC2336C82371237023366C23A2
:2020B70036C823365C2336C823367C2336C823014CC971237023366C2336C923365C23360D
:2020D700C923367C2336C923360C2336C923362C2336C923361C2336C923363C2336C9238A
:2020F70071237023366C2336C923365C2336C923367C2336C923368C2336C92336AC2336AB
:20211700C923369C2336C92336BC2336C92371237023366C2336C923365C2336C923367CD7
:202137002336C921ADC34E060069602909292929290901B1C0094D54210C04E53E01F53340
:2021570021030039E5AFF53359FAADC3CD2E0321ADC34E060069602909292929290901B14F
:20217700C0094D54210C04E53E04F533210B0039E53E01F53359FAADC3CD2E0321ADC34E0D
:20219700060069602909292929290901B1C0094D54210C04E53E01F533212B0039E53E0237
:2021B700F53359FAADC3CD2E0321ADC34E060069602909292929290901B1C0094D54210C49
:2021D70004E53E04F53321330039E53E03F53359FAADC3CD2E0321AFC3AF22360121B1C3C9
:2021F700360221B2C33603FAADC3E850C9FAADC35FC6DE4F3EC3CE004721B4C31600197E3F
:2022170002FAADC35FC6E54F3EC3CE004721BBC31600197E02FAADC3875FC6EC4F3EC3CE5E
:20223700004721C2C31600192A6602037C02FAADC3875FC6FA4F3EC3CE004721D0C3160019
:14225700192A6602037C020108C4FAADC36F2600093601C972
:20226B0021A8C62A4F4669602909292929290929292909292909292909292909454C78C6F9
:0D228B001921A8C62279CE36322A4F46C945
:022D9800000039
:122298004F2113C406000936FF211AC40600093600C99C
:2022AA00CD0B2BF040E6FEE040F040E6FDE040CDBD0101BBC3FAADC36F2600093600FA80E8
:2022CA00C36F2600093600FA81C36F2600093600FAADC3CD9308FA80C3CD9308FA81C3CDC9
:2022EA0093080E0079D628300F1100C069AF67292919AF22770C18ECAFEA92C52193C536C3
:20230A001BC94B422128C471237023361B233623C9E8F9F806322B7B2272FAABC63DCAB506
:20232A00242128C42AB6CAB5241E007BD612301616007AD614300CD5AFF5337ACD3F2AD135
:20234A001418EF1C18E5CD0B2BF80036000E003E08F8069630077ED61930020E01F8033610
:20236A00002128C42A666F2A466F3E08BD3E0098300C7DD61978DE003004F80336010D20FE
:20238A0036F8037EB72030F0904F3E01E0902100203601110040D52100C0E5CD282BE8048F
:2023AA0079E09021002071FAC2C53C200AFAC3C53C2004F800360121ABC6360121AAC636F0
:2023CA001D2128C42A666F2A4F4678B12844F8067ED603283DF80171237023F090322B2A95
:2023EA005F56210600194D440AE0900AEA0020F8012A5F56210400192A4F4678B1280AF897
:20240A00015E23566960CDA02BF8037EE0907EEA0020CDAA22F040F680E040F040F601E0A2
:20242A0040F040F602E040FA50C5EA51C5F8067EEA50C5F8067ECD6516F090F801772106A5
:20244A0000095D541AE0901AEA002059501AF80222131A222A5F561AC55950F5F8062A66F2
:20246A006FF1CDA02BC12128C42A666F792270CDBD01F090F801962809F8017EE0907EEA68
:20248A000020F8007EB72818210F01E5CD062AE121C2C573211101E5CD062AE121C3C57384
:0E24AA00AFEA7BC5EA7CC5AFEAABC6E807C95E
:022D9A001D001A
:102D9C003C3C427E81FF7E427E427A46243C18189F
:102DAC00030207050E0A1C1439257E5AE4A4C04000
:202DBC00030303020302010101010000000001010302474467246F482F681F320F09060603
:202DDC0008089C94FC64A858FC54FE8AFCC438F8C4FCF838F808F808F808B46C5A366C6CF7
:202DFC000D0D1F123E252B357F55FEA3FD877B6E808042C2868402060406888CFC74FC0423
:202E1C00171C4D4AFBB4FA8577750F091E120C0CFE02F60A6E92EEF23E320F0907050303D8
:202E3C000D0D1F123E252B357F55FEA3FD877B6E808042C2868402060406888CFC74FC04E2
:202E5C00171C0D0A1B140A151B151F141F160909FE02F60A6E92EEF23E32BCA4F8C87070C4
:202E7C0000000000FF00FF00FF00FF000000000000000000FF00FF00FF00FF00000000003E
:202E9C0000000000FF00FF00FF00FF000000000000000000FF00FF00FF00FF00000000001E
:202EBC0000000000FC02FC03FC03FC0302010300000000000000FC00FC00FC00FC00000005
:202EDC0003000300FD02FC03FC03FC0300010000000000000000FC00FC00FC00FC000000E3
:102EFC0018183C3C7E7EF7F7EFEF7E7E3C3C1818B2
:102F0C000000181818181818667E243C18180000B1
:102F1C000010381028545438AA54D63828101010E1
:102F2C000010001028102854C6386C92007C101029
:202F3C0007070F0F1F1F1F1F1F1D1F1A1F120F08171C131F203F302F3F271F1F0F0F0F0F0D
:202F5C00E0E0F0F0F8F8F0F8FCFCFE4EFE4EF414E838C8F804FC0CF4FCE4F8F8F0F0F0F0D5
:202F7C0007070F0F1F1F1F1F1F1D1F1A1F120F08171C131F203F302F3F271F1F0F0F0F0FCD
:202F9C00E0E0F0F0F8F8F0F8FCFCFE4EFE4EF414E838C8F804FC0CF4FCE4F8F8F0F0808075
:202FBC0007070F0F1F1F1F1F1F1D1F1A1F120F08171C131F203F302F3F271F1F0F0F0101A9
:202FDC00E0E0F0F0F8F8F0F8FCFCFE4EFE4EF414E838C8F804FC0CF4FCE4F8F8F0F0F0F055
:202FFC0007070F0F1F1F0F17373B7B7F7F7F2F2F1F171F133F202F202727191F0D0F0F0F87
:20301C00E0E0F0F0F8F8F8F8F8F8F8F8F8F8F0F0F8E8F8C8FC04F4E414F418F8F0F00000F4
:20303C0007070F0F1F1F0F17373B7B7F7F7F2F2F1F171F133F202F202727191F090F0F0F4A
:20305C00E0E0F0F0F8F8F8F8F8F8F8F8F8F8F0F0F8E8F8C8FC04F404E4E418F830F0F0F0B4
:20307C0007070F0F1F1F0F17373B7B7F7F7F2F2F1F171F133F202F27292F191F0F0F01010F
:20309C00E0E0F0F0F8F8F8F8F8F8F8F8F8F8F0F0F8E8F8C8FC04F404F4F418F8F0F0F0F094
:2030BC0007000F001F0038003A02321232101808E000F000F8001C005C404C484C08181015
:2030DC0006061F1F3F362E272E2E161E17181F183030D8E8D82838C87808641C04FCFC7C32
:2030FC0007000F001F0038003A02321232101808E000F000F8001C005C404C484C081810D5
:20311C000C0C1B171B141C131E102638203F3F3E6060F8F8FC6C74E474746878E818F8183B
:20313C000707090812101010121212121013080E1C141F133F202F202B2F181F090F0E0EBC
:20315C00E0E09010480808084848484808C810703828F8C8FC04F404D4F418F890F07070D3
:1424B800213AC436182336462336602336472140C43607C980
:06317C0000070000000046
:020000040001F9
:20C61800110948D521001DE5CD282BE80411D949D5211412E5AF0FF5CDCD2BE8061E073E9F
:20C638000ECD75262181C5CB4620282141C43EA2223E46223EB4223E46223EC7223E462257
:20C658003EDA223E46223EEB223E46223EFC22364618262141C43E04223E47223E14223EF8
:20C6780047223E26223E47223E36223E47223E45223E47223E55223647218CCA3606AFEA05
:20C6980091CAEA8FCAAFEA90CAC9686F792073616C65206C61206E756576610067616D654D
:20C6B80020626F7921206D6520766F792061007261746561722064656C20636F6C6567697F
:20C6D8006F00612076657220736920636F6E7369676F00706C6174612079206C612070755A
:20C6F80065646F00636F6D70726172006E65772067616D6520626F79206973006F75742014
:20C71800746F6461792120692077696C6C0062756E6B206F6666207363686F6F6C00616EDC
:20C73800642074727920746F2067657400736F6D65206D6F6E657920736F20690063616EE2
:08C7580020627579206974006C
:020000040000FA
:05318F00AF214DC477E3
:020000040001F9
:20C76000E8FDFA91CA3D2044218ECA347E218DCA963820AFEA8ECA214DC47ED6013E001780
:20C7800077B7280406CF180206FFC5331E0B3E11CD3F2ACD702BCB67286C212AC42A4F46A9
:20C7A00011ADC33E126960CDA02B185A0E0079218CCA96304879C60547F802360069AF678F
:20C7C000291141C4195D541AF80022131A77D1D5F8026E2600195D541A57B7281DC57ACD01
:20C7E000AD0659C17BC6D257F8027E3C3CC5D53358CD3F2AC1F8023418C30C18B12191CA9C
:09C800003601AFEA8ECAE803C953
:209E68000000000000000000000000000000000000FF00FF00FF00E400E400E400E400E469
:209E880000FF00FF00FF0027002700270027002700F100E000F400F800FD00FF00FF00FF43
:209EA800008F0007002F001F00BF00FF00FF00FF0000000000000000000000FF00FF00FFFD
:209EC8000007000700070007000700070007000700FF00FF00FF0000000000000000000045
:209EE80000E000E000E000E000E000E000E000E000FF00FF00FF00FD00F800F400E000F1A3
:209F080000FF00FF00FF00BF001F002F0007008F00E400E000E400E000E400E000E400E089
:209F28000027000700270007002700070027000700E400E400E400E400E400E400E400E441
:209F480000E400E400E600E300E800E000E000E000000000000000FF0000000000000000E1
:209F68000027002700270027002700270027002700270027006700C70017000700070007F9
:209F880000FF00FF00FF00000018003F0018000000FF00FF00FF0000000000FF0000000051
:209FA80000FF00FF00FF0000001800FC0018008000810000000000000000000000000081EE
:209FC80000FF00FF00FF0000000000FF0000000100FF00FF00FF0000000000FF00000081FF
:209FE8000080000000000000000000000000008000810000000000FF0000000000000000D9
:20A0080000800000000000FF000000000000000000010000000000FF0000000000000000B9
:20A028000001000000000000000000000000000101121313131313131313131313131617F2
:20A04800171714020D000000000000000000000000001C00150018100E0F0F0F0F0F0F0FD7
:20A068000F0F0F0F0F0F1B1919191A110B0000000000000000000000000000000000000CD6
:20A088000B0000000000000000000000000000000000000C0B000000000000000000000096
:20A0A800000000000000000C0B0000000000000000000000000000000000000C0B0000006A
:20A0C8000000000000000000000000000000000C0B00000000000000000000000000000061
:20A0E8000000000C0B0000000000000000000000000000000000000C0B000000000000002A
:20A1080000000000000000000000000C0B0000000000000000000000000000000000000C14
:20A128000B0000000000000000000000000000000000000C0B0000000000000000000000F5
:20A14800000000000000000C090707070707070707070707070707070707070A0800000052
:20A168000000000000000000000000000000000608000000000000000000000000000000C9
:18A1880000000006030505050505050505050505050505050505050458
:20C809000000000000000000000000000000000000FF00FF00FF00E400E400E400E400E49E
:20C8290000FF00FF00FF0027002700270027002700F100E000F400F800FD00FF00FF00FF78
:20C84900008F0007002F001F00BF00FF00FF00FF0000000000000000000000FF00FF00FF32
:20C869000007000700070007000700070007000700FF00FF00FF000000000000000000007A
:20C8890000E000E000E000E000E000E000E000E000FF00FF00FF00FD00F800F400E000F1D8
:20C8A90000FF00FF00FF00BF001F002F0007008F00E400E000E400E000E400E000E400E0BF
:20C8C9000027000700270007002700070027000700E400E400E400E400E400E400E400E477
:20C8E90000E400E400E600E300E800E000E000E000000000000000FF000000000000000017
:20C909000027002700270027002700270027002700270027006700C700170007000700072E
:20C9290000FF00FF00FF00000018003F0018000000FF00FF00FF0000000000FF0000000086
:20C9490000FF00FF00FF0000001800FC001800800081000000000000000000000000008123
:20C9690000FF00FF00FF0000000000FF0000000100FF00FF00FF0000000000FF0000008134
:20C989000080000000000000000000000000008000810000000000FF00000000000000000E
:20C9A90000800000000000FF000000000000000000010000000000FF0000000000000000EF
:20C9C900000100000000000000000000000000010112131313131313131313131313161728
:20C9E900171714020D000000000000000000000000001C00150018100E0F0F0F0F0F0F0F0D
:20CA09000F0F0F0F0F0F1B1919191A110B0000000000000000000000000000000000000C0B
:20CA29000B0000000000000000000000000000000000000C0B0000000000000000000000CB
:20CA4900000000000000000C0B0000000000000000000000000000000000000C0B0000009F
:20CA69000000000000000000000000000000000C0B00000000000000000000000000000096
:20CA89000000000C0B0000000000000000000000000000000000000C0B000000000000005F
:20CAA90000000000000000000000000C0B0000000000000000000000000000000000000C4A
:20CAC9000B0000000000000000000000000000000000000C0B00000000000000000000002B
:20CAE900000000000000000C090707070707070707070707070707070707070A0800000088
:20CB09000000000000000000000000000000000608000000000000000000000000000000FE
:18CB29000000000603050505050505050505050505050505050505048D
:020000040000FA
:2024CC000000000000000000000000000000000000000001000000010001000000010000EC
:2024EC00000000800000008000800000008000001F1F3F3171606F4D674778603F3B0C0C7D
:20250C00000080808080808000000000808046460000000000000000000000000000005AC9
:20252C0000000101010101010000000001016262F8F8FC8C8E06F6B2E6E21E06FCDC3030EB
:20254C000C081C181B1319111D180F0D07070000666632321E1E8C8C8080808000000000EC
:20256C0066664C4C78783131010101010000000030103818D8C89888B818F0B0E0E0000015
:20258C00000007070F0D1D1819111B131C180C0800000000808080808C8C1E1E32326666AC
:2025AC000000000001010101313178784C4C66660000E0E0F0B0B8189888D8C838183010D5
:2025CC000C0C3F3B786067476F4D71603F311F1F4646808000000000808080808080000010
:2025EC00005A000000000000000000000000000062620101000000000101010101010000A9
:20260C003030FCDC1E06E6E2F6B28E06FC8CF8F803040506070809000A0B01000000020C88
:09262C000D000E0F101112131421
:202635003B3B0E00C604F800227BC60477060078F80196302816007AF80096301D3E4E8184
:202655006F3EC4CE00670C6678C6035F7A3CC5D5E533CD3F2AD1C11418DD0418D23333C957
:20267500E8F5F807327B320100003600F8065E160021040019E57DF80577E17CF804227ED4
:20269500F809223600F8095D54F8031A1396231A9E3062F808792278223600F8074E060031
:2026B50003030303F80A7EF80322AF322A917E983038F8082A5F56214EC419E57DF8057741
:2026D500E17CF80477F8083420022334F8057EC603F80A4604F533C533CD062AE17BF80364
:2026F5005E23666B77F80A3418B1F8082A4F46F80534C3812611CC24D521B015E5CD282BE2
:20271500E804F809AF2277F80A7E4F8787816F5F1C2600011C26097EC6B047F8093AC60376
:2027350077D5C5335E3E01CD3F2AD16B1C2600011C26097EC6B0D5F533F80B5E3E02CD3F05
:202755002AD17B4F3CF80277692600111C26197EC6B0F80322233600F8052A239630152B3D
:202775002B3A323C3C3C66E533F8095ECD3F2AF8053418E4F8027E46046F2600111C2619F6
:202795007EC6B057F8074E79C603F80077C5D533F80B5EF8037ECD3F2AC13E1C806F3E2690
:2027B500CE00677EC6B04779C604F80177C533F8095EF8027ECD3F2AF8093423347ED602FA
:2027D500DA1C272B4E060078F806963074FA2626C6B05779C603F80977C5D5335E3E01CD94
:2027F5003F2AC1FA2726C6B0C5F533F80C5E3E02CD3F2AC1FA2826C6B0F80A7716007AF898
:20281500079630157AC603C5D5F80E66E533F80E5ECD3F2AD1C11418E5FA2926C6B0C5F5AA
:2028350033F80C5EF8037ECD3F2AC1FA2A26C6B0C5F533F80C5EF8047ECD3F2AC10C0418D6
:2028550086F80879223600F8097EC6034F8787816F4F0C2600111C26197EC6B047F8087ED1
:20287500C603F80277C5C5335E3E01CD3F2AC1690C2600111C26197EC6B0C5F533F8055E75
:202895003E02CD3F2AC141793CF80377682600111C26197EC6B0F80477F80A3600F80A7E6B
:2028B500F807963017F80A7EF805323C3C3C66E533F8035ECD3F2AF80A3418E1F8037E4EC1
:2028D5000C6F2600111C26197EC6B0C5F533F8053A2B5F7ECD3F2AC1692600111C26197E46
:2028F500C6B0F533F8033A5F7ECD3F2AF8083423347ED602DA5C28E80BC94F0600C3792928
:202915004F0600CD79294B42C916004F079F47C37D2916004F079F47CD7D294B42C94FCD96
:202935007529C94FCD75294B42C97B594F7A5047C37D297B594F7A5047CD7D294B42C94F22
:20295500CDB329C94FCDB3294B42C97B594F7A5047C3B6297B594F7A5047CDB6294B42C996
:2029750079079F477B079F5778F5AAF5CB7A280697935F9F9257CB78280697914F9F904776
:20299500CDB6293816F1E680280697914F9F9047F1E680C897935F9F9257C9F1F1C906000C
:2029B500507BB22007010000505937C96960010000B73E10F5CB15CB14CB11CB10C5799BA1
:2029D5004F789A473F3808C1F13DB720E71808F1F13D3720DF18005059CB154DCB1444B7D1
:2029F500C9F041E60220FA1AC9F040E6402808180AF040E608200416981802169CF8033A4A
:182A15006E5ACB370767E60383573EE0A4856F62F041E60220FA5EC93C
:202B2300F80656180A1690F040E61028021680C5F8042A5F2A4F2A666FCB337BE60F825787
:1D2B43007BE6F05FCB5A2802CBA20610F041E60220FA2A12130520F40D20E9C1C9B8
:202A2D002141FFCB4E20FC12C957F040E6402809180B57F040E608200406981802069C2EF6
:202A4D001F7AA5577BA548CB37075FE60381473EE0A3824FF802F041E60220FA7E02E13300
:202A6D00E94F18024B5F7B179F57AF182A4F179F477B179F5778BA38067B594F7A5047B7A5
:202A8D00CAA42A2E00061029CB11173001190520F64D44C94FAF576F06087929173001199D
:062AAD000520F84D44C9AC
:202B6000F5D5167FCD702BB720F81520F7D1F1C93E20E000F000F000E60F5F3E10E000F078
:202B800000F000F000F000F000F000E60FCB37B32F5F3E30E0007BC957CD702BA228FAC96F
:012BA000E94B
:202AB300D5F8053A6E60477D69CB381F4F30032A1213CB38CB19040C300E18062A12132A3D
:122AD30012132A12132A12130D20F10520EEC1E1F1E981
:202BA100C5CDB72B0632C5C1C5C10005C2A72B00C1C5C10000C91B7BB2C80633C5C1C5C15E
:202BC1000005C2BD2B00C5C1000018EAC5F8042A575EF8093A473A4F3A666FCDEA2BC1C997
:01318200004C
:202BE100E5F040E6402809180CE5F040E6082005210098180321009CC5CB33CB037BE60396
:202C010084473EE0A3824FE1D1D5C5FA92CA865FF041E60220FA7B022379E6E05F793CE6C3
:1C2C21001FB34F1520E5C1D11DC8D578E6FC5F3E20814F8891E603B347C518CF81
:00000001FF
